Link,Name,Subtitle,Sale_Price,Full_Price
https://www.nike.com/in/t/air-force-1-07-lx-shoes-SGsVWx/DZ2708-002,Nike Air Force 1 '07 LXWomen's Shoes,Women's Shoes,₹ 11 297.00,MRP : ₹ 11 895.00
https://www.nike.com/in/t/dunk-low-lx-shoes-tV8gJG/FJ2260-003,Nike Dunk Low LXWomen's Shoes,Women's Shoes,₹ 11 297.00,MRP : ₹ 11 895.00
https://www.nike.com/in/t/dunk-low-shoes-wbxcmN/DD1873-106,Nike Dunk LowWomen's Shoes,Women's Shoes,₹ 7 877.00,MRP : ₹ 8 295.00
https://www.nike.com/in/t/court-vision-low-next-nature-shoes-D5BmqX/FV9952-100,Nike Court Vision Low Next NatureWomen's Shoes,Women's Shoes,₹ 6 737.00,MRP : ₹ 7 095.00
https://www.nike.com/in/t/terminator-high-shoes-gNkJFC/FJ4199-100,Nike Terminator HighMen's Shoes,Men's Shoes,₹ 12 157.00,MRP : ₹ 12 795.00
https://www.nike.com/in/t/air-jordan-1-high-method-of-make-shoes-wvNP62/FB9891-001,Air Jordan 1 High Method of MakeWomen's Shoes,Women's Shoes,₹ 13 487.00,MRP : ₹ 14 195.00
https://www.nike.com/in/t/ja-1-ep-basketball-shoes-XncH16/DR8786-102,JA 1 EPBasketball Shoes,Basketball Shoes,₹ 9 207.00,MRP : ₹ 9 695.00
https://www.nike.com/in/t/air-jordan-1-mid-se-shoes-4wVkRK/FN5031-100,Air Jordan 1 Mid SEWomen's Shoes,Women's Shoes,₹ 11 677.00,MRP : ₹ 12 295.00
https://www.nike.com/in/t/dunk-low-retro-se-shoes-RSrHtr/FJ4188-100,Nike Dunk Low Retro SEMen's Shoes,Men's Shoes,₹ 10 257.00,MRP : ₹ 10 795.00
https://www.nike.com/in/t/dunk-low-shoes-J0nf5G/HF4299-001,Nike Dunk LowMen's Shoes,Men's Shoes,₹ 11 297.00,MRP : ₹ 11 895.00
https://www.nike.com/in/t/air-force-1-shadow-shoes-mN8Glx/CI0919-116,Nike Air Force 1 ShadowWomen's Shoes,Women's Shoes,₹ 8 547.00,MRP : ₹ 8 995.00
https://www.nike.com/in/t/sb-zoom-pogo-plus-skate-shoes-XGLjNL/FQ1882-100,Nike SB Zoom Pogo Plus PremiumSkate Shoes,Skate Shoes,₹ 8 067.00,MRP : ₹ 8 495.00
https://www.nike.com/in/t/court-vision-low-next-nature-shoes-h7p8ck/HF1741-001,Nike Court Vision Low Next NatureMen's Shoes,Men's Shoes,₹ 7 117.00,MRP : ₹ 7 495.00
https://www.nike.com/in/t/court-vision-low-next-nature-shoes-tpCsb1/HF1744-101,Nike Court Vision Low Next NatureMen's Shoes,Men's Shoes,₹ 6 737.00,MRP : ₹ 7 095.00
https://www.nike.com/in/t/air-max-excee-shoes-B6SLM0/HF4854-100,Nike Air Max ExceeMen's Shoes,Men's Shoes,₹ 8 257.00,MRP : ₹ 8 695.00
https://www.nike.com/in/t/attack-shoes-Kcvz5T/FZ2097-101,Nike AttackMen's Shoes,Men's Shoes,₹ 12 157.00,MRP : ₹ 12 795.00
https://www.nike.com/in/t/terminator-high-shoes-gNkJFC/FJ4199-001,Nike Terminator HighMen's Shoes,Men's Shoes,₹ 12 157.00,MRP : ₹ 12 795.00
https://www.nike.com/in/t/structure-25-road-running-shoes-P72w0x/HF4311-126,Nike Structure 25 PremiumMen's Road Running Shoes,Men's Road Running Shoes,₹ 12 157.00,MRP : ₹ 12 795.00
https://www.nike.com/in/t/giannis-immortality-3-ep-basketball-shoes-0dTCk5/DZ7534-102,Giannis Immortality 3 EPBasketball Shoes,Basketball Shoes,₹ 6 737.00,MRP : ₹ 7 095.00
https://www.nike.com/in/t/dunk-low-retro-shoes-69h36X/DV0831-110,Nike Dunk Low RetroMen's Shoes,Men's Shoes,₹ 8 257.00,MRP : ₹ 8 695.00
https://www.nike.com/in/t/court-vision-low-next-nature-shoes-tpCsb1/HF1744-100,Nike Court Vision Low Next NatureMen's Shoes,Men's Shoes,₹ 6 737.00,MRP : ₹ 7 095.00
https://www.nike.com/in/t/dunk-low-shoes-kKHp1z/HF4262-133,Nike Dunk LowMen's Shoes,Men's Shoes,₹ 9 207.00,MRP : ₹ 9 695.00
https://www.nike.com/in/t/air-max-90-shoes-QfTnV3/FJ4218-001,Nike Air Max 90Men's Shoes,Men's Shoes,₹ 11 297.00,MRP : ₹ 11 895.00
https://www.nike.com/in/t/air-force-1-07-shoes-qWvl2r/HF4864-094,Nike Air Force 1 '07 PremiumMen's Shoes,Men's Shoes,₹ 11 297.00,MRP : ₹ 11 895.00
https://www.nike.com/in/t/jordan-nu-retro-1-low-older-shoes-tsJ6f8/FB4412-006,Jordan Nu Retro 1 LowOlder Kids' Shoes,Older Kids' Shoes,₹ 6 167.00,MRP : ₹ 6 495.00
https://www.nike.com/in/t/sb-dunk-low-pro-skate-shoes-q1Rmcf/HF3704-001,Nike SB Dunk Low ProSkate Shoes,Skate Shoes,₹ 9 207.00,MRP : ₹ 9 695.00
https://www.nike.com/in/t/journey-run-road-running-shoes-Q5kF8v/FN0228-700,Nike Journey RunMen's Road Running Shoes,Men's Road Running Shoes,₹ 8 067.00,MRP : ₹ 8 495.00
https://www.nike.com/in/t/jumpman-mvp-shoes-JV1HCs/DZ4475-101,Jumpman MVPMen's Shoes,Men's Shoes,₹ 14 527.00,MRP : ₹ 15 295.00
https://www.nike.com/in/t/air-jordan-1-low-se-older-shoes-25Z2Mg/FN7366-400,Air Jordan 1 Low SEOlder Kids' Shoes,Older Kids' Shoes,₹ 7 877.00,MRP : ₹ 8 295.00
https://www.nike.com/in/t/court-vision-low-next-nature-shoes-Hz0K6n/FQ7669-001,Nike Court Vision Low Next NatureMen's Shoes,Men's Shoes,₹ 6 737.00,MRP : ₹ 7 095.00
https://www.nike.com/in/t/air-force-1-07-shoes-RgcF1Q/FZ7187-100,Nike Air Force 1 '07Men's Shoes,Men's Shoes,₹ 10 257.00,MRP : ₹ 10 795.00
https://www.nike.com/in/t/air-max-1-shoes-ZCSX34/FD9082-107,Nike Air Max 1Men's shoes,Men's shoes,₹ 12 157.00,MRP : ₹ 12 795.00
https://www.nike.com/in/t/court-vision-alta-shoes-p7Dnlp/DM0113-103,Nike Court Vision AltaWomen's Shoes,Women's Shoes,₹ 5 697.00,MRP : ₹ 5 995.00
https://www.nike.com/in/t/air-max-90-shoes-98F148/FN6958-002,Nike Air Max 90Men's Shoes,Men's Shoes,₹ 10 257.00,MRP : ₹ 10 795.00
https://www.nike.com/in/t/flyby-mid-3-basketball-shoes-jFHsxb/DD9311-003,Nike Fly.By Mid 3Basketball Shoes,Basketball Shoes,₹ 4 747.00,MRP : ₹ 4 995.00
https://www.nike.com/in/t/air-max-1-slides-TSMTS4/DH0295-102,Nike Air Max 1Men's Slides,Men's Slides,₹ 5 977.00,MRP : ₹ 6 295.00
https://www.nike.com/in/t/air-jordan-1-mid-older-shoes-wqHdzW/DQ8423-006,Air Jordan 1 MidOlder Kids' Shoes,Older Kids' Shoes,₹ 7 597.00,MRP : ₹ 7 995.00
https://www.nike.com/in/t/air-max-ap-shoes-3Rdq04/CU4826-001,Nike Air Max APMen's Shoes,Men's Shoes,₹ 7 877.00,MRP : ₹ 8 295.00
https://www.nike.com/in/t/vomero-17-road-running-shoes-qXFWTq/FN1139-001,Nike Vomero 17Men's Road Running Shoes (Extra Wide),Men's Road Running Shoes (Extra Wide),₹ 14 247.00,MRP : ₹ 14 995.00
https://www.nike.com/in/t/dunk-low-retro-shoe-66RGqF/DD1391-601,Nike Dunk Low RetroMen's Shoe,Men's Shoe,₹ 7 877.00,MRP : ₹ 8 295.00
https://www.nike.com/in/t/revolution-7-road-running-shoes-NNc8Ll/HF4909-043,Nike Revolution 7Men's Road Running Shoes,Men's Road Running Shoes,₹ 3 507.00,MRP : ₹ 3 695.00
https://www.nike.com/in/t/air-max-90-shoes-GQrz8k/HF3835-100,Nike Air Max 90Men's Shoes,Men's Shoes,₹ 11 297.00,MRP : ₹ 11 895.00
https://www.nike.com/in/t/air-jordan-1-low-method-of-make-shoes-m6FCTq/FN5032-300,Air Jordan 1 Low Method of MakeWomen's Shoes,Women's Shoes,₹ 11 677.00,MRP : ₹ 12 295.00
https://www.nike.com/in/t/jordan-one-take-5-pf-shoes-jNx9SV/FD2336-006,Jordan One Take 5 PFMen's Shoes,Men's Shoes,₹ 8 257.00,MRP : ₹ 8 695.00
https://www.nike.com/in/t/air-max-scorpion-flyknit-shoes-4dWrx1/DJ4701-003,Nike Air Max Scorpion FlyknitMen's Shoes,Men's Shoes,₹ 21 847.00,MRP : ₹ 22 995.00
https://www.nike.com/in/t/air-max-pulse-shoes-QShhG8/DR0453-101,Nike Air Max PulseMen's Shoes,Men's Shoes,₹ 13 297.00,MRP : ₹ 13 995.00
https://www.nike.com/in/t/air-jordan-1-low-se-shoes-WSkjPL/FQ7832-142,Air Jordan 1 Low SEMen's Shoes,Men's Shoes,₹ 9 777.00,MRP : ₹ 10 295.00
https://www.nike.com/in/launch/r/FB8938-001,Nike AttackMen's Shoes,Men's Shoes,₹ 10 257.00,MRP : ₹ 10 795.00
https://www.nike.com/in/t/air-force-1-07-shoes-0XGfD7/FJ4146-102,Nike Air Force 1 '07Men's Shoes,Men's Shoes,₹ 9 207.00,MRP : ₹ 9 695.00
https://www.nike.com/in/t/tc-7900-shoes-5pxlWt/HF4304-133,Nike TC 7900 PremiumWomen's Shoes,Women's Shoes,₹ 11 297.00,MRP : ₹ 11 895.00
https://www.nike.com/in/t/dunk-low-retro-shoes-4vdSPt/FZ1670-001,Nike Dunk Low Retro PremiumMen's Shoes,Men's Shoes,₹ 10 257.00,MRP : ₹ 10 795.00
https://www.nike.com/in/t/jordan-roam-slides-XsQbqX/FQ0227-100,Jordan RoamSlides,Slides,₹ 3 987.00,MRP : ₹ 4 195.00
https://www.nike.com/in/t/dunk-low-shoes-3wjGFP/FZ3611-208,Nike Dunk LowWomen's Shoes,Women's Shoes,₹ 9 207.00,MRP : ₹ 9 695.00
https://www.nike.com/in/t/dunk-low-lx-shoes-tV8gJG/FJ2260-004,Nike Dunk Low LXWomen's Shoes,Women's Shoes,₹ 11 297.00,MRP : ₹ 11 895.00
https://www.nike.com/in/t/asuna-3-slides-fX8tl7/FB2183-003,Nike Asuna 3Men's Slides,Men's Slides,₹ 3 037.00,MRP : ₹ 3 195.00
https://www.nike.com/in/t/air-jordan-1-low-se-shoes-ZbxSRp/FZ5042-041,Air Jordan 1 Low SEMen's Shoes,Men's Shoes,₹ 9 777.00,MRP : ₹ 10 295.00
https://www.nike.com/in/t/air-jordan-legacy-312-low-shoes-xHRZv7/HJ3480-140,Air Jordan Legacy 312 LowMen's Shoes,Men's Shoes,₹ 12 157.00,MRP : ₹ 12 795.00
https://www.nike.com/in/t/jordan-nu-retro-1-low-shoes-8294mJ/DV5141-006,Jordan Nu Retro 1 LowMen's Shoes,Men's Shoes,₹ 8 737.00,MRP : ₹ 9 195.00
https://www.nike.com/in/t/invincible-3-road-running-shoes-T8cvrp/DR2615-105,Nike Invincible 3Men's Road Running Shoes,Men's Road Running Shoes,₹ 16 147.00,MRP : ₹ 16 995.00
https://www.nike.com/in/t/free-rn-nn-road-running-shoes-D64TzS/FB1276-001,Nike Free RN NNMen's Road Running Shoes,Men's Road Running Shoes,₹ 8 257.00,MRP : ₹ 8 695.00
https://www.nike.com/in/t/air-force-1-older-shoes-pPqnSp/FZ3552-612,Nike Air Force 1Older Kids' Shoes,Older Kids' Shoes,₹ 7 597.00,MRP : ₹ 7 995.00
https://www.nike.com/in/t/air-jordan-1-low-shoes-zTWr01/553558-072,Air Jordan 1 LowMen's Shoes,Men's Shoes,₹ 8 547.00,MRP : ₹ 8 995.00
https://www.nike.com/in/t/air-max-1-86-og-shoes-kKDKXZ/FZ2149-100,Nike Air Max 1 '86 OGMen's Shoes,Men's Shoes,₹ 13 297.00,MRP : ₹ 13 995.00
https://www.nike.com/in/t/air-force-1-07-shoes-7d5sHw/HF4298-100,Nike Air Force 1 '07Men's Shoes,Men's Shoes,₹ 11 297.00,MRP : ₹ 11 895.00
https://www.nike.com/in/t/jordan-max-aura-5-shoes-ZBZ4Pz/DZ4353-006,Jordan Max Aura 5Men's Shoes,Men's Shoes,₹ 11 297.00,MRP : ₹ 11 895.00
https://www.nike.com/in/t/air-jordan-1-mid-shoes-86f1ZW/BQ6472-130,Air Jordan 1 MidWomen's Shoes,Women's Shoes,₹ 10 917.00,MRP : ₹ 11 495.00
https://www.nike.com/in/t/killshot-2-leather-shoes-NZ2scp/HF4261-299,Nike Killshot 2 LeatherMen's Shoes,Men's Shoes,₹ 8 167.00,MRP : ₹ 8 595.00
https://www.nike.com/in/t/air-jordan-1-mid-se-shoes-v8XHxD/FN5215-141,Air Jordan 1 Mid SEMen's Shoes,Men's Shoes,₹ 11 677.00,MRP : ₹ 12 295.00
https://www.nike.com/in/t/air-jordan-1-zoom-cmft-2-shoes-nX8Qqx/DV1307-104,Air Jordan 1 Zoom CMFT 2Men's Shoes,Men's Shoes,₹ 12 627.00,MRP : ₹ 13 295.00
https://www.nike.com/in/t/jordan-hydro-4-retro-slides-QcS72T/532225-141,Jordan Hydro 4 RetroMen's Slides,Men's Slides,₹ 4 747.00,MRP : ₹ 4 995.00
https://www.nike.com/in/t/air-jordan-1-mid-older-shoes-wqHdzW/DQ8423-103,Air Jordan 1 MidOlder Kids' Shoes,Older Kids' Shoes,₹ 7 597.00,MRP : ₹ 7 995.00
https://www.nike.com/in/t/air-force-1-mid-evo-shoes-1HPsJQ/FB1374-001,Nike Air Force 1 Mid EvoMen's Shoes,Men's Shoes,₹ 13 297.00,MRP : ₹ 13 995.00
https://www.nike.com/in/t/acg-moc-shoes-cTsP9p/FV4571-200,Nike ACG Moc PremiumMen's Shoes,Men's Shoes,₹ 8 257.00,MRP : ₹ 8 695.00
https://www.nike.com/in/t/legend-essential-3-next-nature-workout-shoes-sJBRlm/DM1119-008,Nike Legend Essential 3 Next NatureWomen's Workout Shoes,Women's Workout Shoes,₹ 4 747.00,MRP : ₹ 4 995.00
https://www.nike.com/in/t/brsb-skate-shoes-RJF3Ss/DH9227-001,Nike BRSBSkate Shoes,Skate Shoes,₹ 7 117.00,MRP : ₹ 7 495.00
https://www.nike.com/in/t/jordan-1-low-alt-shoes-fp9K0D/FN7398-181,Jordan 1 Low AltBaby/Toddler Shoes,Baby/Toddler Shoes,₹ 4 177.00,MRP : ₹ 4 395.00
https://www.nike.com/in/t/bella-kai-flip-flops-068n85/AO3622-002,Nike Bella KaiWomen's Flip-Flops,Women's Flip-Flops,₹ 1 897.00,MRP : ₹ 1 995.00
https://www.nike.com/in/t/air-force-1-07-shoes-7hqhpl/HF3836-100,Nike Air Force 1 '07Men's Shoes,Men's Shoes,₹ 10 257.00,MRP : ₹ 10 795.00
https://www.nike.com/in/t/air-jordan-1-mid-older-shoes-K5PDvv/FD8780-181,Air Jordan 1 MidOlder Kids' Shoes,Older Kids' Shoes,₹ 7 597.00,MRP : ₹ 7 995.00
https://www.nike.com/in/t/jordan-stadium-90-shoes-Jn6ZH4/DX4397-116,Jordan Stadium 90Men's Shoes,Men's Shoes,₹ 12 157.00,MRP : ₹ 12 795.00
https://www.nike.com/in/launch/r/FB8938-102,Nike AttackMen's Shoes,Men's Shoes,₹ 10 257.00,MRP : ₹ 10 795.00
https://www.nike.com/in/t/dunk-low-shoes-4x8b85/FZ4616-600,Nike Dunk LowMen's Shoes,Men's Shoes,₹ 11 297.00,MRP : ₹ 11 895.00
https://www.nike.com/in/t/jordan-super-play-dongdan-slides-Vvms1c/HF0260-400,Jordan Super Play DongdanSlides,Slides,₹ 4 747.00,MRP : ₹ 4 995.00
https://www.nike.com/in/t/air-max-plus-3-shoes-HtMt7V/HF4294-001,Nike Air Max Plus 3Men's Shoes,Men's Shoes,₹ 16 617.00,MRP : ₹ 17 495.00
https://www.nike.com/in/t/air-jordan-1-mid-shoes-SQf7DM/DQ8426-103,Air Jordan 1 MidMen's Shoes,Men's Shoes,₹ 10 917.00,MRP : ₹ 11 495.00
https://www.nike.com/in/t/dunk-high-retro-se-shoes-z329BN/FJ4191-200,Nike Dunk High Retro SEMen's Shoes,Men's Shoes,₹ 11 677.00,MRP : ₹ 12 295.00
https://www.nike.com/in/t/air-max-systm-older-shoes-S175cF/DQ0284-114,Nike Air Max SYSTMOlder Kids' Shoes,Older Kids' Shoes,₹ 6 167.00,MRP : ₹ 6 495.00
https://www.nike.com/in/t/air-jordan-1-high-method-of-make-shoes-wvNP62/FB9891-600,Air Jordan 1 High Method of MakeWomen's Shoes,Women's Shoes,₹ 13 487.00,MRP : ₹ 14 195.00
https://www.nike.com/in/t/jordan-1-mid-se-younger-shoes-86wV7s/FN7493-141,Jordan 1 Mid SEYounger Kids' Shoes,Younger Kids' Shoes,₹ 5 697.00,MRP : ₹ 5 995.00
https://www.nike.com/in/t/air-max-1-slides-nMLg3B/FJ4007-100,Nike Air Max 1Men's Slides,Men's Slides,₹ 5 977.00,MRP : ₹ 6 295.00
https://www.nike.com/in/t/air-max-solo-shoes-qVq5jJ/DX3666-100,Nike Air Max SoloMen's Shoes,Men's Shoes,₹ 8 257.00,MRP : ₹ 8 695.00
https://www.nike.com/in/t/air-jordan-1-low-se-older-shoes-Dz1zTq/FJ3465-160,Air Jordan 1 Low SEOlder Kids' Shoes,Older Kids' Shoes,₹ 7 877.00,MRP : ₹ 8 295.00
https://www.nike.com/in/t/air-jordan-1-mid-se-older-shoes-kDH62j/FN7432-141,Air Jordan 1 Mid SEOlder Kids' Shoes,Older Kids' Shoes,₹ 8 257.00,MRP : ₹ 8 695.00
https://www.nike.com/in/t/lebron-xxi-ep-basketball-shoes-BrtQSn/HF5352-001,LeBron XXI EPBasketball Shoes,Basketball Shoes,₹ 17 477.00,MRP : ₹ 18 395.00
https://www.nike.com/in/t/invincible-3-road-running-shoes-0h8j3v/HF4309-126,Nike Invincible 3Men's Road Running Shoes,Men's Road Running Shoes,₹ 16 617.00,MRP : ₹ 17 495.00
https://www.nike.com/in/t/jordan-one-take-5-pf-basketball-shoes-QQ243j/FQ3101-100,Jordan One Take 5 PFBasketball Shoes,Basketball Shoes,₹ 8 257.00,MRP : ₹ 8 695.00
https://www.nike.com/in/t/tatum-1-denim-pf-basketball-shoes-z5qKCZ/DZ3321-200,Tatum 1 'Denim' PFBasketball Shoes,Basketball Shoes,₹ 10 257.00,MRP : ₹ 10 795.00
https://www.nike.com/in/t/phantom-gx-2-club-tf-low-top-football-shoes-Fh3LdF/FJ2587-100,Nike Phantom GX 2 ClubTF Low-Top Football Shoes,TF Low-Top Football Shoes,₹ 5 217.00,MRP : ₹ 5 495.00
https://www.nike.com/in/t/jordan-post-slides-l46X9x/DX5575-701,Jordan PostMen's Slides,Men's Slides,₹ 2 087.00,MRP : ₹ 2 195.00
https://www.nike.com/in/t/lebron-xxi-conchiolin-ep-basketball-shoes-zDCDM8/HF5842-100,"LeBron XXI ""Conchiolin"" EPBasketball Shoes",Basketball Shoes,₹ 17 477.00,MRP : ₹ 18 395.00
https://www.nike.com/in/t/air-max-solo-shoes-000Gh6/FN6918-100,Nike Air Max SoloMen's Shoes,Men's Shoes,₹ 8 257.00,MRP : ₹ 8 695.00
https://www.nike.com/in/t/air-jordan-xxxviii-older-shoes-69P5Hc/DZ3499-101,Air Jordan XXXVIIIOlder Kids' Shoes,Older Kids' Shoes,₹ 10 637.00,MRP : ₹ 11 195.00
https://www.nike.com/in/t/air-jordan-legacy-312-low-shoes-6Vd4Xl/CD7069-110,Air Jordan Legacy 312 LowMen's Shoes,Men's Shoes,₹ 12 347.00,MRP : ₹ 12 995.00
https://www.nike.com/in/t/air-jordan-xxxviii-lunar-new-year-pf-basketball-shoes-vpjNdM/FQ8896-600,Air Jordan XXXVIII Lunar New Year PFBasketball Shoes,Basketball Shoes,₹ 17 477.00,MRP : ₹ 18 395.00
https://www.nike.com/in/t/zion-3-z-3d-pf-basketball-shoes-165ZqH/FZ1319-060,Zion 3 'Z-3D' PFBasketball Shoes,Basketball Shoes,₹ 13 297.00,MRP : ₹ 13 995.00
https://www.nike.com/in/t/air-jordan-1-zoom-cmft-2-shoes-gxvXJM/DV1305-100,Air Jordan 1 Zoom CMFT 2Women's Shoes,Women's Shoes,₹ 12 627.00,MRP : ₹ 13 295.00
https://www.nike.com/in/t/jordan-1-mid-alt-shoes-DFTdgr/DR9744-103,Jordan 1 Mid AltBaby/Toddler Shoes,Baby/Toddler Shoes,₹ 4 367.00,MRP : ₹ 4 595.00
https://www.nike.com/in/t/offcourt-football-slides-xlWm8x/FZ3189-001,Nike Offcourt (Liverpool F.C.)Football Slides,Football Slides,₹ 2 937.00,MRP : ₹ 3 095.00
https://www.nike.com/in/t/cortez-basic-shoes-cLQNtQ/904769-102,Nike Cortez BasicBaby/Toddler Shoes,Baby/Toddler Shoes,₹ 2 847.00,MRP : ₹ 2 995.00
https://www.nike.com/in/t/offcourt-adjust-slides-6L2C07/DQ9624-600,Nike Offcourt AdjustMen's Slides,Men's Slides,₹ 3 037.00,MRP : ₹ 3 195.00
https://www.nike.com/in/t/infinityrn-4-road-running-shoes-VKhgV0/HF4916-100,Nike InfinityRN 4Men's Road Running Shoes,Men's Road Running Shoes,₹ 14 247.00,MRP : ₹ 14 995.00
https://www.nike.com/in/t/star-runner-3-shoes-7321HF/DA2778-601,Nike Star Runner 3Baby/Toddler Shoes,Baby/Toddler Shoes,₹ 2 847.00,MRP : ₹ 2 995.00
https://www.nike.com/in/t/air-zoom-victory-tour-3-golf-shoes-5X9wGF/DX9025-101,Nike Air Zoom Victory Tour 3Golf Shoes (Wide),Golf Shoes (Wide),₹ 16 147.00,MRP : ₹ 16 995.00
https://www.nike.com/in/t/air-max-plus-shoes-X8wfzs/HF0107-100,Nike Air Max PlusWomen's Shoes,Women's Shoes,₹ 16 147.00,MRP : ₹ 16 995.00
https://www.nike.com/in/t/blazer-low-77-older-shoes-J24TzH/DA4074-122,Nike Blazer Low '77Older Kids' Shoes,Older Kids' Shoes,₹ 4 747.00,MRP : ₹ 4 995.00
https://www.nike.com/in/t/infinityrn-4-road-running-shoes-xhpmN7/DR2670-003,Nike InfinityRN 4Women's Road Running Shoes,Women's Road Running Shoes,₹ 14 247.00,MRP : ₹ 14 995.00
https://www.nike.com/in/t/air-max-systm-shoes-hLmQ85/DM9537-103,Nike Air Max SYSTMMen's Shoes,Men's Shoes,₹ 8 167.00,MRP : ₹ 8 595.00
https://www.nike.com/in/t/motiva-walking-shoes-dCcsVX/DV1238-009,Nike MotivaWomen's Walking Shoes,Women's Walking Shoes,₹ 9 207.00,MRP : ₹ 9 695.00
https://www.nike.com/in/t/phantom-luna-2-elite-fg-high-top-football-boot-kvD5sX/FJ2572-001,Nike Phantom Luna 2 EliteFG High-Top Football Boot,FG High-Top Football Boot,₹ 22 607.00,MRP : ₹ 23 795.00
https://www.nike.com/in/t/vapor-15-academy-mercurial-dream-speed-tf-low-top-football-shoes-Tg5mK9/FJ7191-300,Nike Vapor 15 Academy Mercurial Dream SpeedTF Low-Top Football Shoes,TF Low-Top Football Shoes,₹ 8 067.00,MRP : ₹ 8 495.00
https://www.nike.com/in/t/air-max-excee-younger-shoes-CLBZpZ/FB3059-106,Nike Air Max ExceeYounger Kids' Shoes,Younger Kids' Shoes,₹ 5 977.00,MRP : ₹ 6 295.00
https://www.nike.com/in/t/mercurial-superfly-9-elite-high-top-football-boot-gkTZNH/DJ4977-700,Nike Mercurial Superfly 9 EliteFirm-Ground High-Top Football Boot,Firm-Ground High-Top Football Boot,₹ 21 847.00,MRP : ₹ 22 995.00
https://www.nike.com/in/t/revolution-7-older-running-shoes-RTdvsl/FB7689-005,Nike Revolution 7Older Kids' Running Shoes,Older Kids' Running Shoes,₹ 3 317.00,MRP : ₹ 3 495.00
https://www.nike.com/in/t/vomero-17-road-running-shoes-49tSC9/FB8502-005,Nike Vomero 17Women's Road Running Shoes,Women's Road Running Shoes,₹ 14 247.00,MRP : ₹ 14 995.00
https://www.nike.com/in/t/air-max-excee-older-shoes-jnfW44/FB3058-106,Nike Air Max ExceeOlder Kids' Shoes,Older Kids' Shoes,₹ 6 357.00,MRP : ₹ 6 695.00
https://www.nike.com/in/t/calm-mules-Pg5G3Z/FB2185-003,Nike CalmWomen's Mules,Women's Mules,₹ 5 407.00,MRP : ₹ 5 695.00
https://www.nike.com/in/t/zoom-gp-challenge-1-hard-court-tennis-shoes-GkKp0d/FB3147-102,Nike Zoom GP Challenge 1Men's Hard Court Tennis Shoes,Men's Hard Court Tennis Shoes,₹ 13 297.00,MRP : ₹ 13 995.00
https://www.nike.com/in/t/air-max-90-shoes-K0mczj/DH8010-101,Nike Air Max 90Women's Shoes,Women's Shoes,₹ 10 447.00,MRP : ₹ 10 995.00
https://www.nike.com/in/t/air-jordan-1-low-older-shoes-0bdZ3H/FV8486-181,Air Jordan 1 LowOlder Kids' Shoes,Older Kids' Shoes,₹ 7 117.00,MRP : ₹ 7 495.00
https://www.nike.com/in/t/free-rn-nn-road-running-shoes-jt4vDT/DX6482-500,Nike Free RN NNWomen's Road Running Shoes,Women's Road Running Shoes,₹ 8 257.00,MRP : ₹ 8 695.00
https://www.nike.com/in/t/air-max-systm-younger-shoes-WNnDS3/DQ0285-113,Nike Air Max SYSTMYounger Kids' Shoes,Younger Kids' Shoes,₹ 5 697.00,MRP : ₹ 5 995.00
https://www.nike.com/in/t/sunray-adjust-6-slides-6xjxth/DR5709-003,Nike Sunray Adjust 6Baby/Toddler Slides,Baby/Toddler Slides,₹ 2 367.00,MRP : ₹ 2 495.00
https://www.nike.com/in/t/air-more-uptempo-96-shoes-x7J3ls/FJ4181-001,Nike Air More Uptempo '96Men's Shoes,Men's Shoes,₹ 16 147.00,MRP : ₹ 16 995.00
https://www.nike.com/in/t/infinity-flow-older-running-shoes-pJFp3m/FD6058-001,Nike Infinity FlowOlder Kids' Running Shoes,Older Kids' Running Shoes,₹ 6 357.00,MRP : ₹ 6 695.00
https://www.nike.com/in/t/force-1-mid-easyon-younger-shoes-bslqhN/FJ1917-111,Nike Force 1 Mid EasyOnYounger Kids' Shoes,Younger Kids' Shoes,₹ 5 977.00,MRP : ₹ 6 295.00
https://www.nike.com/in/t/air-humara-shoes-h18PS7/FJ7108-300,Nike Air HumaraMen's Shoes,Men's Shoes,₹ 15 197.00,MRP : ₹ 15 995.00
https://www.nike.com/in/t/zion-3-mud-light-bone-pf-basketball-shoes-gTv8md/FN1778-040,"Zion 3 M.U.D. ""Light Bone"" PFBasketball Shoes",Basketball Shoes,₹ 13 297.00,MRP : ₹ 13 995.00
https://www.nike.com/in/t/flex-plus-2-younger-shoes-JrXgvn/DV9000-102,Nike Flex Plus 2Younger Kids' Shoes,Younger Kids' Shoes,₹ 4 267.00,MRP : ₹ 4 495.00
https://www.nike.com/in/t/air-max-1-easyon-shoes-K6x2mJ/DZ3309-104,Air Max 1 EasyOnBaby/Toddler Shoes,Baby/Toddler Shoes,₹ 5 407.00,MRP : ₹ 5 695.00
https://www.nike.com/in/t/air-max-270-younger-shoe-5Tbhcj/AO2372-117,Nike Air Max 270Younger Kids' Shoe,Younger Kids' Shoe,₹ 8 067.00,MRP : ₹ 8 495.00
https://www.nike.com/in/t/air-max-pulse-shoes-V9B1C5/FD6409-101,Nike Air Max PulseWomen's Shoes,Women's Shoes,₹ 13 297.00,MRP : ₹ 13 995.00
https://www.nike.com/in/t/nikecourt-legacy-younger-shoes-61nDLJ/DA5381-121,NikeCourt LegacyYounger Kids' Shoes,Younger Kids' Shoes,₹ 2 847.00,MRP : ₹ 2 995.00
https://www.nike.com/in/t/flex-plus-2-younger-shoes-JrXgvn/DV9000-402,Nike Flex Plus 2Younger Kids' Shoes,Younger Kids' Shoes,₹ 4 267.00,MRP : ₹ 4 495.00
https://www.nike.com/in/t/air-more-uptempo-older-shoes-bTZWc9/FB7702-100,Nike Air More UptempoOlder Kids' Shoes,Older Kids' Shoes,₹ 9 777.00,MRP : ₹ 10 295.00
https://www.nike.com/in/t/air-max-270-go-easy-on-off-shoes-zNkHjH/FV0562-400,Nike Air Max 270 GoBaby/Toddler Easy On/Off Shoes,Baby/Toddler Easy On/Off Shoes,₹ 7 117.00,MRP : ₹ 7 495.00
https://www.nike.com/in/t/streakfly-road-racing-shoes-V17qZm/DJ6566-001,Nike StreakflyRoad Racing Shoes,Road Racing Shoes,₹ 14 247.00,MRP : ₹ 14 995.00
https://www.nike.com/in/t/air-max-270-shoes-2V5C4p/AH8050-027,Nike Air Max 270Men's Shoes,Men's Shoes,₹ 13 297.00,MRP : ₹ 13 995.00
https://www.nike.com/in/t/invincible-3-road-running-shoes-LL61DX/DR2660-102,Nike Invincible 3Women's Road Running Shoes,Women's Road Running Shoes,₹ 16 147.00,MRP : ₹ 16 995.00
https://www.nike.com/in/t/jordan-nu-retro-1-low-older-shoes-tsJ6f8/FB4412-004,Jordan Nu Retro 1 LowOlder Kids' Shoes,Older Kids' Shoes,₹ 6 167.00,MRP : ₹ 6 495.00
https://www.nike.com/in/t/air-max-sc-shoes-4HLrZ3/CZ5361-115,Nike Air Max SCBaby/Toddler Shoes,Baby/Toddler Shoes,₹ 3 317.00,MRP : ₹ 3 495.00
https://www.nike.com/in/t/flex-experience-run-12-road-running-shoes-3XtQ68/DV0740-400,Nike Flex Experience Run 12Men's Road Running Shoes,Men's Road Running Shoes,₹ 4 747.00,MRP : ₹ 4 995.00
https://www.nike.com/in/t/impact-4-basketball-shoes-CcJxBx/DM1124-302,Nike Impact 4Basketball Shoes,Basketball Shoes,₹ 8 067.00,MRP : ₹ 8 495.00
https://www.nike.com/in/t/nikecourt-legacy-canvas-shoes-L6X9xF/CZ0294-100,NikeCourt Legacy CanvasWomen's Shoes,Women's Shoes,₹ 3 797.00,MRP : ₹ 3 995.00
https://www.nike.com/in/t/force-1-low-easyon-shoes-QFMDhc/FQ6949-001,Nike Force 1 Low EasyOnBaby/Toddler Shoes,Baby/Toddler Shoes,₹ 5 407.00,MRP : ₹ 5 695.00
https://www.nike.com/in/t/air-jordan-xxxviii-low-pf-basketball-shoes-2lBnKn/FD2325-101,Air Jordan XXXVIII Low PFBasketball Shoes,Basketball Shoes,₹ 16 427.00,MRP : ₹ 17 295.00
https://www.nike.com/in/t/jordan-1-low-alt-shoes-jNQKZv/DR9747-131,Jordan 1 Low AltBaby/Toddler Shoes,Baby/Toddler Shoes,₹ 4 177.00,MRP : ₹ 4 395.00
https://www.nike.com/in/t/tech-hera-shoes-JlV5km/DR9761-601,Nike Tech HeraWomen's shoes,Women's shoes,₹ 9 207.00,MRP : ₹ 9 695.00
https://www.nike.com/in/t/cortez-shoes-0VH7qz/DM4044-100,Nike CortezMen's Shoes,Men's Shoes,₹ 7 117.00,MRP : ₹ 7 495.00
https://www.nike.com/in/t/blazer-mid-77-vintage-shoe-QzbLXN/DV7006-100,Nike Blazer Mid '77 VintageWomen's Shoes,Women's Shoes,₹ 9 207.00,MRP : ₹ 9 695.00
https://www.nike.com/in/t/star-runner-4-younger-shoes-h6SBLl/DX7614-004,Nike Star Runner 4Younger Kids' Shoes,Younger Kids' Shoes,₹ 3 887.00,MRP : ₹ 4 095.00
https://www.nike.com/in/t/gt-cut-academy-ep-basketball-shoes-DTdMPk/FB2598-004,Nike G.T. Cut Academy EPBasketball Shoes,Basketball Shoes,₹ 8 067.00,MRP : ₹ 8 495.00
https://www.nike.com/in/t/killshot-2-leather-shoes-DqWZ4j/432997-121,Nike Killshot 2 LeatherMen's Shoes,Men's Shoes,₹ 7 597.00,MRP : ₹ 7 995.00
https://www.nike.com/in/t/court-borough-low-recraft-younger-shoes-DPsXd0/DV5457-110,Nike Court Borough Low RecraftYounger Kids' Shoes,Younger Kids' Shoes,₹ 3 607.00,MRP : ₹ 3 795.00
https://www.nike.com/in/t/air-max-270-shoes-2V5C4p/AH8050-028,Nike Air Max 270Men's Shoes,Men's Shoes,₹ 13 297.00,MRP : ₹ 13 995.00
https://www.nike.com/in/t/dunk-low-older-shoes-C7T1cx/FB9109-002,Nike Dunk LowOlder Kids' Shoes,Older Kids' Shoes,₹ 6 647.00,MRP : ₹ 6 995.00
https://www.nike.com/in/t/gt-cut-3-ep-basketball-shoes-DGJp2L/DV2918-400,Nike G.T. Cut 3 EPBasketball Shoes,Basketball Shoes,₹ 16 617.00,MRP : ₹ 17 495.00
https://www.nike.com/in/t/dunk-low-twist-shoes-V6NqFG/DZ2794-002,Nike Dunk Low TwistWomen's Shoes,Women's Shoes,₹ 9 207.00,MRP : ₹ 9 695.00
https://www.nike.com/in/t/air-max-plus-older-shoes-rQhBJR/CD0609-025,Nike Air Max PlusOlder Kids' Shoes,Older Kids' Shoes,₹ 9 497.00,MRP : ₹ 9 995.00
https://www.nike.com/in/t/aqua-swoosh-sandals-rfskhx/FN0875-001,Nike Aqua SwooshBaby/Toddler Sandals,Baby/Toddler Sandals,₹ 3 127.00,MRP : ₹ 3 295.00
https://www.nike.com/in/t/sunray-adjust-6-older-slides-Sp3ff8/DX5544-003,Nike Sunray Adjust 6Older Kids' Slides,Older Kids' Slides,₹ 2 847.00,MRP : ₹ 2 995.00
https://www.nike.com/in/t/air-max-1-older-shoes-8Gj22m/DZ3307-103,Air Max 1Older Kids' Shoes,Older Kids' Shoes,₹ 7 117.00,MRP : ₹ 7 495.00
https://www.nike.com/in/t/air-jordan-legacy-312-low-shoes-6Vd4Xl/CD7069-106,Air Jordan Legacy 312 LowMen's Shoes,Men's Shoes,₹ 12 347.00,MRP : ₹ 12 995.00
https://www.nike.com/in/t/nikecourt-legacy-younger-shoes-61nDLJ/DA5381-101,NikeCourt LegacyYounger Kids' Shoes,Younger Kids' Shoes,₹ 2 847.00,MRP : ₹ 2 995.00
https://www.nike.com/in/t/team-hustle-d-11-se-younger-shoes-c0Bkr6/FN5006-001,Nike Team Hustle D 11 SEYounger Kids' Shoes,Younger Kids' Shoes,₹ 5 407.00,MRP : ₹ 5 695.00
https://www.nike.com/in/t/superfly-9-academy-mercurial-dream-speed-tf-high-top-football-shoes-WZK08G/FJ7199-300,Nike Superfly 9 Academy Mercurial Dream SpeedTF High-Top Football Shoes,TF High-Top Football Shoes,₹ 8 547.00,MRP : ₹ 8 995.00
https://www.nike.com/in/t/ja-1-night-older-basketball-shoes-NK2BHR/DX2294-002,"Ja 1 ""Night""Older Kids' Basketball Shoes",Older Kids' Basketball Shoes,₹ 6 167.00,MRP : ₹ 6 495.00
https://www.nike.com/in/t/sunray-adjust-6-younger-slides-wTQV6P/DX5545-001,Nike Sunray Adjust 6Younger Kids' Slides,Younger Kids' Slides,₹ 2 847.00,MRP : ₹ 2 995.00
https://www.nike.com/in/t/jordan-hex-slides-bmXBbr/DQ8992-601,Jordan HexWomen's Slides,Women's Slides,₹ 3 987.00,MRP : ₹ 4 195.00
https://www.nike.com/in/t/court-borough-low-recraft-older-shoes-cg2qJ0/DV5456-110,Nike Court Borough Low RecraftOlder Kids' Shoes,Older Kids' Shoes,₹ 4 267.00,MRP : ₹ 4 495.00
https://www.nike.com/in/t/icon-classic-se-sandals-Svhhl2/FJ2595-001,Nike Icon Classic SEWomen's Sandals,Women's Sandals,₹ 5 407.00,MRP : ₹ 5 695.00
https://www.nike.com/in/t/infinity-flow-older-running-shoes-pJFp3m/FD6058-003,Nike Infinity FlowOlder Kids' Running Shoes,Older Kids' Running Shoes,₹ 6 357.00,MRP : ₹ 6 695.00
https://www.nike.com/in/t/blazer-low-77-vintage-shoes-tVsDk0/FQ8060-400,Nike Blazer Low '77 VintageWomen's Shoes,Women's Shoes,₹ 8 257.00,MRP : ₹ 8 695.00
https://www.nike.com/in/t/air-max-excee-shoes-Q4cpDM/DZ0795-103,Nike Air Max ExceeMen's Shoes,Men's Shoes,₹ 8 257.00,MRP : ₹ 8 695.00
https://www.nike.com/in/t/kawa-older-slides-h87bVW/FJ8812-500,Nike KawaOlder Kids' Slides,Older Kids' Slides,₹ 1 797.00,MRP : ₹ 1 895.00
https://www.nike.com/in/t/lebron-nxxt-gen-ampd-ep-basketball-shoes-G2Xh7F/FJ1567-100,LeBron NXXT Gen AMPD EPBasketball Shoes,Basketball Shoes,₹ 14 247.00,MRP : ₹ 14 995.00
https://www.nike.com/in/t/air-huarache-runner-shoes-6gNJ0g/DZ3306-101,Nike Air Huarache RunnerMen's Shoes,Men's Shoes,₹ 12 157.00,MRP : ₹ 12 795.00
https://www.nike.com/in/t/air-max-systm-older-shoes-S175cF/DQ0284-113,Nike Air Max SYSTMOlder Kids' Shoes,Older Kids' Shoes,₹ 6 167.00,MRP : ₹ 6 495.00
https://www.nike.com/in/t/metcon-9-workout-shoes-ldMsxB/DZ2617-004,Nike Metcon 9Men's Workout Shoes,Men's Workout Shoes,₹ 12 157.00,MRP : ₹ 12 795.00
https://www.nike.com/in/t/gt-cut-academy-ep-basketball-shoes-DTdMPk/FB2598-001,Nike G.T. Cut Academy EPBasketball Shoes,Basketball Shoes,₹ 8 067.00,MRP : ₹ 8 495.00
https://www.nike.com/in/t/phantom-luna-2-elite-fg-high-top-football-boot-kvD5sX/FJ2572-100,Nike Phantom Luna 2 EliteFG High-Top Football Boot,FG High-Top Football Boot,₹ 22 607.00,MRP : ₹ 23 795.00
https://www.nike.com/in/t/zoom-superfly-elite-2-athletics-sprinting-spikes-bDFmq0/CD4382-400,Nike Zoom Superfly Elite 2Athletics Sprinting Spikes,Athletics Sprinting Spikes,₹ 13 297.00,MRP : ₹ 13 995.00
https://www.nike.com/in/t/infinityrn-4-road-running-shoes-50JtjN/HF4310-072,Nike InfinityRN 4 PremiumMen's Road Running Shoes,Men's Road Running Shoes,₹ 15 197.00,MRP : ₹ 15 995.00
https://www.nike.com/in/t/sb-chron-2-skate-shoe-vNX1Xx/DM3493-401,Nike SB Chron 2Skate Shoe,Skate Shoe,₹ 5 217.00,MRP : ₹ 5 495.00
https://www.nike.com/in/t/jumpman-mvp-shoes-JV1HCs/DZ4475-103,Jumpman MVPMen's Shoes,Men's Shoes,₹ 14 527.00,MRP : ₹ 15 295.00
https://www.nike.com/in/t/air-zoom-tr-1-workout-shoes-Zq4r1h/DX9016-002,Nike Air Zoom TR 1Men's Workout Shoes,Men's Workout Shoes,₹ 10 257.00,MRP : ₹ 10 795.00
https://www.nike.com/in/t/air-max-2013-older-shoes-B9KTwc/555426-003,Nike Air Max 2013Older Kids' Shoes,Older Kids' Shoes,₹ 9 877.00,MRP : ₹ 10 395.00
https://www.nike.com/in/t/blazer-low-77-younger-shoes-S3fkLP/DA4075-122,Nike Blazer Low '77Younger Kids' Shoes,Younger Kids' Shoes,₹ 3 797.00,MRP : ₹ 3 995.00
https://www.nike.com/in/t/air-max-90-shoes-8gM9Hn/FJ3208-001,Nike Air Max 90Women's Shoes,Women's Shoes,₹ 13 297.00,MRP : ₹ 13 995.00
https://www.nike.com/in/t/jordan-stay-loyal-3-older-shoes-dpkhvM/FB9922-004,Jordan Stay Loyal 3Older Kids' Shoes,Older Kids' Shoes,₹ 6 647.00,MRP : ₹ 6 995.00
https://www.nike.com/in/t/infinity-flow-younger-shoes-NQr3qF/FD6061-001,Nike Infinity FlowYounger Kids' Shoes,Younger Kids' Shoes,₹ 6 167.00,MRP : ₹ 6 495.00
https://www.nike.com/in/t/gt-cut-3-older-basketball-shoes-TxMJQ2/FD7033-003,Nike G.T. Cut 3Older Kids' Basketball Shoes,Older Kids' Basketball Shoes,₹ 6 647.00,MRP : ₹ 6 995.00
https://www.nike.com/in/t/luka-2-pf-basketball-shoes-LM9ScX/DX9012-007,Luka 2 PFBasketball Shoes,Basketball Shoes,₹ 11 297.00,MRP : ₹ 11 895.00
https://www.nike.com/in/t/cortez-leather-shoes-svdKM9/DN1791-100,Nike Cortez LeatherWomen's Shoes,Women's Shoes,₹ 7 117.00,MRP : ₹ 7 495.00
https://www.nike.com/in/t/giannis-freak-5-se-hometown-hero-older-basketball-shoes-LW7kP0/FN4975-001,Giannis Freak 5 SE 'Hometown Hero'Older Kids' Basketball Shoes,Older Kids' Basketball Shoes,₹ 7 787.00,MRP : ₹ 8 195.00
https://www.nike.com/in/t/sb-check-canvas-younger-skate-shoes-1Vh5FT/905371-407,Nike SB Check CanvasYounger Kids' Skate Shoes,Younger Kids' Skate Shoes,₹ 3 317.00,MRP : ₹ 3 495.00
https://www.nike.com/in/t/air-max-pulse-shoes-QShhG8/DR0453-005,Nike Air Max PulseMen's Shoes,Men's Shoes,₹ 13 297.00,MRP : ₹ 13 995.00
https://www.nike.com/in/t/air-max-270-shoes-7nlkr3/FZ3624-100,Nike Air Max 270Women's Shoes,Women's Shoes,₹ 14 247.00,MRP : ₹ 14 995.00
https://www.nike.com/in/t/gamma-force-shoes-j4CpFl/HF1061-133,Nike Gamma ForceWomen's Shoes,Women's Shoes,₹ 8 067.00,MRP : ₹ 8 495.00
https://www.nike.com/in/t/aqua-swoosh-older-sandals-m08D2G/FV6363-001,Nike Aqua SwooshOlder Kids' Sandals,Older Kids' Sandals,₹ 3 887.00,MRP : ₹ 4 095.00
https://www.nike.com/in/t/luka-2-pf-basketball-shoes-LM9ScX/DX9012-017,Luka 2 PFBasketball Shoes,Basketball Shoes,₹ 11 297.00,MRP : ₹ 11 895.00
https://www.nike.com/in/t/nikecourt-lite-4-tennis-shoes-5B5NWb/FD6574-107,NikeCourt Lite 4Men's Tennis Shoes,Men's Tennis Shoes,₹ 5 977.00,MRP : ₹ 6 295.00
https://www.nike.com/in/t/vaporfly-3-road-racing-shoes-xsDgvM/DV4129-006,Nike Vaporfly 3Men's Road Racing Shoes,Men's Road Racing Shoes,₹ 19 657.00,MRP : ₹ 20 695.00
https://www.nike.com/in/t/blazer-low-platform-shoes-1g6h57/DJ0292-114,Nike Blazer Low PlatformWomen's Shoes,Women's Shoes,₹ 7 787.00,MRP : ₹ 8 195.00
https://www.nike.com/in/t/zoom-vomero-5-shoes-pTGjFN/FQ7079-700,Nike Zoom Vomero 5Women's Shoes,Women's Shoes,₹ 14 247.00,MRP : ₹ 14 995.00
https://www.nike.com/in/t/ispa-link-axis-shoes-p2gV6M/FZ3507-001,Nike ISPA Link AxisMen's Shoes,Men's Shoes,₹ 25 457.00,MRP : ₹ 26 795.00
https://www.nike.com/in/t/air-jordan-1-elevate-low-shoes-XlkVrM/DH7004-007,Air Jordan 1 Elevate LowWomen's Shoes,Women's Shoes,₹ 11 297.00,MRP : ₹ 11 895.00
https://www.nike.com/in/t/victori-one-slides-QTTJHP/CN9675-600,Nike Victori OneMen's Slides,Men's Slides,₹ 1 987.00,MRP : ₹ 2 095.00
https://www.nike.com/in/t/e-series-ad-shoes-3jT3pp/DV8405-100,Nike E-Series ADWomen's Shoes,Women's Shoes,₹ 5 977.00,MRP : ₹ 6 295.00
https://www.nike.com/in/t/air-jordan-1-low-older-shoes-xLzJc6/553560-131,Air Jordan 1 LowOlder Kids' Shoes,Older Kids' Shoes,₹ 6 927.00,MRP : ₹ 7 295.00
https://www.nike.com/in/t/air-force-1-lv8-older-shoes-kh0728/DZ2663-001,Nike Air Force 1 LV8Older Kids' Shoes,Older Kids' Shoes,₹ 7 597.00,MRP : ₹ 7 995.00
https://www.nike.com/in/t/react-gato-indoor-court-low-top-football-shoes-pQBhgB/CT0550-600,Nike React GatoIndoor Court Low-Top Football Shoes,Indoor Court Low-Top Football Shoes,₹ 11 397.00,MRP : ₹ 11 995.00
https://www.nike.com/in/t/juniper-trail-2-gore-tex-waterproof-trail-running-shoes-9HQTmg/FB2067-102,Nike Juniper Trail 2 GORE-TEXMen's Waterproof Trail-Running Shoes,Men's Waterproof Trail-Running Shoes,₹ 9 777.00,MRP : ₹ 10 295.00
https://www.nike.com/in/t/air-max-90-futura-shoes-SLTPS0/DV7190-102,Nike Air Max 90 FuturaWomen's Shoes,Women's Shoes,₹ 12 157.00,MRP : ₹ 12 795.00
https://www.nike.com/in/t/acg-mountain-fly-2-low-shoes-4LXRfM/DV7903-300,Nike ACG Mountain Fly 2 LowMen's Shoes,Men's Shoes,₹ 13 297.00,MRP : ₹ 13 995.00
https://www.nike.com/in/t/jordan-1-low-alt-younger-shoes-6hWQLg/FN7376-181,Jordan 1 Low AltYounger Kids' Shoes,Younger Kids' Shoes,₹ 4 837.00,MRP : ₹ 5 095.00
https://www.nike.com/in/t/dunk-low-se-shoes-7fnM7D/FD8683-700,Nike Dunk Low SEWomen's Shoes,Women's Shoes,₹ 9 207.00,MRP : ₹ 9 695.00
https://www.nike.com/in/t/flex-runner-3-shoes-RsBfk4/FN1478-100,Nike Flex Runner 3Baby/Toddler Shoes,Baby/Toddler Shoes,₹ 2 847.00,MRP : ₹ 2 995.00
https://www.nike.com/in/t/lebron-nxxt-gen-ampd-ep-basketball-shoes-G2Xh7F/FJ1567-102,LeBron NXXT Gen AMPD EPBasketball Shoes,Basketball Shoes,₹ 14 247.00,MRP : ₹ 14 995.00
https://www.nike.com/in/t/aqua-swoosh-younger-sandals-5j4bgr/FN0876-001,Nike Aqua SwooshYounger Kids' Sandals,Younger Kids' Sandals,₹ 3 417.00,MRP : ₹ 3 595.00
https://www.nike.com/in/t/metcon-9-workout-shoes-ldMsxB/DZ2617-002,Nike Metcon 9Men's Workout Shoes,Men's Workout Shoes,₹ 12 157.00,MRP : ₹ 12 795.00
https://www.nike.com/in/t/cosmic-unity-3-basketball-shoes-hcwmW0/DV2757-006,Cosmic Unity 3Basketball Shoes,Basketball Shoes,₹ 13 297.00,MRP : ₹ 13 995.00
https://www.nike.com/in/t/zion-3-pf-basketball-shoes-vTjpz4/DR0676-110,Zion 3 PFBasketball Shoes,Basketball Shoes,₹ 12 157.00,MRP : ₹ 12 795.00
https://www.nike.com/in/t/jordan-max-aura-5-older-shoes-h0Tx6z/DZ4352-106,Jordan Max Aura 5Older Kids' Shoes,Older Kids' Shoes,₹ 7 117.00,MRP : ₹ 7 495.00
https://www.nike.com/in/t/waffle-nav-shoes-4j1X82/FJ4195-002,Nike Waffle NavMen's Shoes,Men's Shoes,₹ 6 737.00,MRP : ₹ 7 095.00
https://www.nike.com/in/t/phantom-luna-2-academy-tf-high-top-football-shoes-BmGW0z/FJ2566-001,Nike Phantom Luna 2 AcademyTF High-Top Football Shoes,TF High-Top Football Shoes,₹ 8 547.00,MRP : ₹ 8 995.00
https://www.nike.com/in/t/air-jordan-1-mid-se-older-shoes-9GGnz5/FN1190-100,Air Jordan 1 Mid SEOlder Kids' Shoes,Older Kids' Shoes,₹ 8 257.00,MRP : ₹ 8 695.00
https://www.nike.com/in/t/sb-force-58-skate-shoe-DvWCT6/DH7505-101,Nike SB Force 58 PremiumSkate Shoe,Skate Shoe,₹ 6 737.00,MRP : ₹ 7 095.00
https://www.nike.com/in/t/air-max-plus-shoes-dKncwm/FZ4342-001,Nike Air Max PlusWomen's Shoes,Women's Shoes,₹ 16 617.00,MRP : ₹ 17 495.00
https://www.nike.com/in/t/nikecourt-legacy-shoes-3MMGC9/DA5382-101,NikeCourt LegacyBaby/Toddler Shoes,Baby/Toddler Shoes,₹ 2 367.00,MRP : ₹ 2 495.00
https://www.nike.com/in/t/air-max-90-lv8-shoes-5KhTdP/FD4328-102,Nike Air Max 90 LV8Women's Shoes,Women's Shoes,₹ 12 157.00,MRP : ₹ 12 795.00
https://www.nike.com/in/t/air-force-1-wild-shoes-FCjQ2C/FB2348-201,Nike Air Force 1 WildWomen's Shoes,Women's Shoes,₹ 12 157.00,MRP : ₹ 12 795.00
https://www.nike.com/in/t/jordan-post-slides-cC3mD5/FZ6511-300,Jordan PostWomen's Slides,Women's Slides,₹ 2 087.00,MRP : ₹ 2 195.00
https://www.nike.com/in/t/flex-experience-run-12-road-running-shoes-6M54kt/DV0746-006,Nike Flex Experience Run 12Women's Road Running Shoes,Women's Road Running Shoes,₹ 4 747.00,MRP : ₹ 4 995.00
https://www.nike.com/in/t/metcon-9-workout-shoes-hVBpSC/DZ2537-003,Nike Metcon 9Women's Workout Shoes,Women's Workout Shoes,₹ 12 157.00,MRP : ₹ 12 795.00
https://www.nike.com/in/t/sb-force-58-skate-shoes-LJNW5L/DV5477-301,Nike SB Force 58Skate Shoes,Skate Shoes,₹ 5 977.00,MRP : ₹ 6 295.00
https://www.nike.com/in/t/air-force-1-lv8-5-older-shoes-6LzNxQ/HF5349-100,Nike Air Force 1 LV8 5Older Kids' Shoes,Older Kids' Shoes,₹ 7 597.00,MRP : ₹ 7 995.00
https://www.nike.com/in/t/air-max-1-se-easyon-shoes-pwJB3S/FJ3287-200,Nike Air Max 1 SE EasyOnBaby/Toddler Shoes,Baby/Toddler Shoes,₹ 5 977.00,MRP : ₹ 6 295.00
https://www.nike.com/in/t/mc-trainer-2-workout-shoes-VBkfbg/DM0824-502,Nike MC Trainer 2Women's Workout Shoes,Women's Workout Shoes,₹ 5 407.00,MRP : ₹ 5 695.00
https://www.nike.com/in/t/air-jordan-1-low-older-shoes-xLzJc6/553560-072,Air Jordan 1 LowOlder Kids' Shoes,Older Kids' Shoes,₹ 6 927.00,MRP : ₹ 7 295.00
https://www.nike.com/in/t/air-vapormax-2023-flyknit-shoes-4LVgjW/DV6840-002,Nike Air VaporMax 2023 FlyknitWomen's Shoes,Women's Shoes,₹ 18 327.00,MRP : ₹ 19 295.00
https://www.nike.com/in/t/air-max-plus-shoes-Z0D37G/604133-148,Nike Air Max PlusMen's Shoes,Men's Shoes,₹ 15 197.00,MRP : ₹ 15 995.00
https://www.nike.com/in/t/jordan-one-take-5-pf-shoes-jNx9SV/FD2336-100,Jordan One Take 5 PFMen's Shoes,Men's Shoes,₹ 8 257.00,MRP : ₹ 8 695.00
https://www.nike.com/in/t/tanjun-easyon-older-shoes-d4k4n8/DX9041-005,Nike Tanjun EasyOnOlder Kids' Shoes,Older Kids' Shoes,₹ 4 837.00,MRP : ₹ 5 095.00
https://www.nike.com/in/t/air-max-systm-shoes-hLmQ85/DM9537-008,Nike Air Max SYSTMMen's Shoes,Men's Shoes,₹ 8 167.00,MRP : ₹ 8 595.00
https://www.nike.com/in/t/air-max-plus-shoes-B03LHK/605112-115,Nike Air Max PlusShoes,Shoes,₹ 16 147.00,MRP : ₹ 16 995.00
https://www.nike.com/in/t/cortez-textile-shoes-tDJ6fc/HF6410-101,Nike Cortez TextileWomen's Shoes,Women's Shoes,₹ 8 067.00,MRP : ₹ 8 495.00
https://www.nike.com/in/t/dynamo-2-easyon-shoes-lmGSBM/FD0554-401,Nike Dynamo 2 EasyOnBaby/Toddler Shoes,Baby/Toddler Shoes,₹ 4 077.00,MRP : ₹ 4 295.00
https://www.nike.com/in/t/air-zoom-arcadia-2-younger-shoes-z8v8X7/DM8492-401,Nike Air Zoom Arcadia 2Younger Kids' Shoes,Younger Kids' Shoes,₹ 5 217.00,MRP : ₹ 5 495.00
https://www.nike.com/in/t/infinityrn-4-road-running-shoes-xhpmN7/DR2670-600,Nike InfinityRN 4Women's Road Running Shoes,Women's Road Running Shoes,₹ 14 247.00,MRP : ₹ 14 995.00
https://www.nike.com/in/t/victory-pro-3-golf-shoes-ZhwcJ8/DX9028-010,Nike Victory Pro 3Men's Golf Shoe (Wide),Men's Golf Shoe (Wide),₹ 10 257.00,MRP : ₹ 10 795.00
https://www.nike.com/in/t/air-max-97-futura-shoes-r0gfkM/FB4496-003,Nike Air Max 97 FuturaWomen's Shoes,Women's Shoes,₹ 16 617.00,MRP : ₹ 17 495.00
https://www.nike.com/in/t/jordan-flare-and-shoe-xdcH5J/CI7850-106,Jordan FlareBaby and Toddler Shoe,Baby and Toddler Shoe,₹ 2 847.00,MRP : ₹ 2 995.00
https://www.nike.com/in/t/air-max-1-easyon-younger-shoes-Hgp7Pt/DZ3308-104,Nike Air Max 1 EasyOnYounger Kids' Shoes,Younger Kids' Shoes,₹ 6 167.00,MRP : ₹ 6 495.00
https://www.nike.com/in/t/calm-flip-flops-mvR5GJ/FD4119-200,Nike CalmMen's Flip-Flops,Men's Flip-Flops,₹ 3 697.00,MRP : ₹ 3 895.00
https://www.nike.com/in/t/air-humara-shoes-cMxm2B/FJ7109-002,Nike Air HumaraMen's Shoes,Men's Shoes,₹ 14 247.00,MRP : ₹ 14 995.00
https://www.nike.com/in/t/force-1-low-easyon-shoes-kGpRmV/FN0236-107,Nike Force 1 Low EasyOnBaby/Toddler Shoes,Baby/Toddler Shoes,₹ 4 367.00,MRP : ₹ 4 595.00
https://www.nike.com/in/t/court-borough-low-recraft-older-shoes-cg2qJ0/DV5456-109,Nike Court Borough Low RecraftOlder Kids' Shoes,Older Kids' Shoes,₹ 4 267.00,MRP : ₹ 4 495.00
https://www.nike.com/in/t/air-max-pulse-shoes-QShhG8/DR0453-003,Nike Air Max PulseMen's Shoes,Men's Shoes,₹ 13 297.00,MRP : ₹ 13 995.00
https://www.nike.com/in/t/air-jordan-1-low-se-older-shoes-ZFFB6S/FJ3445-001,Air Jordan 1 Low SEOlder Kids' Shoes,Older Kids' Shoes,₹ 7 877.00,MRP : ₹ 8 295.00
https://www.nike.com/in/t/blazer-low-77-vintage-shoes-tVsDk0/FQ8060-100,Nike Blazer Low '77 VintageWomen's Shoes,Women's Shoes,₹ 8 257.00,MRP : ₹ 8 695.00
https://www.nike.com/in/t/jordan-flare-younger-shoe-8xqMTD/CI7849-106,Jordan FlareYounger Kids' Shoe,Younger Kids' Shoe,₹ 2 847.00,MRP : ₹ 2 995.00
https://www.nike.com/in/t/jordan-stadium-90-older-shoes-2J5HrK/DX4399-130,Jordan Stadium 90Older Kids' Shoes,Older Kids' Shoes,₹ 7 597.00,MRP : ₹ 7 995.00
https://www.nike.com/in/t/icon-classic-sandals-Jrc3kN/DH0223-005,Nike Icon ClassicWomen's Sandals,Women's Sandals,₹ 4 457.00,MRP : ₹ 4 695.00
https://www.nike.com/in/t/lebron-nxxt-gen-ampd-ep-basketball-shoes-G2Xh7F/FJ1567-101,LeBron NXXT Gen AMPD EPBasketball Shoes,Basketball Shoes,₹ 14 247.00,MRP : ₹ 14 995.00
https://www.nike.com/in/t/air-max-97-older-shoes-rkRcFD/FV0638-001,Nike Air Max 97Older Kids' Shoes,Older Kids' Shoes,₹ 10 637.00,MRP : ₹ 11 195.00
https://www.nike.com/in/t/cortez-basic-sl-younger-shoes-5hqMdP/904767-102,Nike Cortez Basic SLYounger Kids' Shoes,Younger Kids' Shoes,₹ 3 797.00,MRP : ₹ 3 995.00
https://www.nike.com/in/t/rift-younger-older-shoes-xKKC6x/322359-111,Nike RiftYounger/Older Kids' Shoes,Younger/Older Kids' Shoes,₹ 5 697.00,MRP : ₹ 5 995.00
https://www.nike.com/in/t/tanjun-easyon-shoes-K5V89x/DX9043-003,Nike Tanjun EasyOnBaby/Toddler Shoes,Baby/Toddler Shoes,₹ 3 417.00,MRP : ₹ 3 595.00
https://www.nike.com/in/t/zoom-vomero-5-shoes-dNXJXp/HF4524-111,Nike Zoom Vomero 5 PremiumWomen's Shoes,Women's Shoes,₹ 16 147.00,MRP : ₹ 16 995.00
https://www.nike.com/in/t/air-max-excee-shoe-D7k4kV/DJ1975-100,Nike Air Max ExceeWomen's Shoe,Women's Shoe,₹ 7 787.00,MRP : ₹ 8 195.00
https://www.nike.com/in/t/air-max-1-easyon-shoes-K6x2mJ/DZ3309-109,Air Max 1 EasyOnBaby/Toddler Shoes,Baby/Toddler Shoes,₹ 5 407.00,MRP : ₹ 5 695.00
https://www.nike.com/in/t/air-force-1-07-next-nature-shoes-nCJ6Wb/DV3808-001,Nike Air Force 1 '07 Next NatureWomen's Shoes,Women's Shoes,₹ 9 207.00,MRP : ₹ 9 695.00
https://www.nike.com/in/t/jordan-1-mid-se-shoes-c2DvRF/FN7537-141,Jordan 1 Mid SEBaby/Toddler Shoes,Baby/Toddler Shoes,₹ 4 367.00,MRP : ₹ 4 595.00
https://www.nike.com/in/t/victori-one-printed-slides-2ZsMWk/CN9678-015,Nike Victori OneMen's Printed Slides,Men's Printed Slides,₹ 2 467.00,MRP : ₹ 2 595.00
https://www.nike.com/in/t/star-runner-4-older-road-running-shoes-JsFCts/DX7615-004,Nike Star Runner 4Older Kids' Road Running Shoes,Older Kids' Road Running Shoes,₹ 4 367.00,MRP : ₹ 4 595.00
https://www.nike.com/in/t/court-borough-low-recraft-shoes-D0nqP8/DV5458-110,Nike Court Borough Low RecraftBaby/Toddler Shoes,Baby/Toddler Shoes,₹ 2 937.00,MRP : ₹ 3 095.00
https://www.nike.com/in/t/nikecourt-legacy-shoes-3MMGC9/DA5382-121,NikeCourt LegacyBaby/Toddler Shoes,Baby/Toddler Shoes,₹ 2 367.00,MRP : ₹ 2 495.00
https://www.nike.com/in/t/air-jordan-1-retro-low-og-chinese-new-year-older-shoes-bl2M5v/FQ6593-100,Air Jordan 1 Retro Low OG Chinese New YearOlder Kids' Shoes,Older Kids' Shoes,₹ 9 777.00,MRP : ₹ 10 295.00
https://www.nike.com/in/t/air-max-systm-shoes-G3DmhH/HF4252-100,Nike Air Max SYSTMMen's Shoes,Men's Shoes,₹ 8 167.00,MRP : ₹ 8 595.00
https://www.nike.com/in/t/p-6000-shoes-X54dW2/HF1052-010,Nike P-6000Shoes,Shoes,₹ 9 207.00,MRP : ₹ 9 695.00
https://www.nike.com/in/t/metcon-9-workout-shoes-ldMsxB/DZ2617-102,Nike Metcon 9Men's Workout Shoes,Men's Workout Shoes,₹ 12 157.00,MRP : ₹ 12 795.00
https://www.nike.com/in/t/lebron-witness-8-ep-basketball-shoes-fRP6ss/FB2237-600,LeBron Witness 8 EPBasketball Shoes,Basketball Shoes,₹ 8 257.00,MRP : ₹ 8 695.00
https://www.nike.com/in/t/air-max-90-ltr-younger-shoes-3W4GLs/CD6867-026,Nike Air Max 90 LTRYounger Kids' Shoes,Younger Kids' Shoes,₹ 6 167.00,MRP : ₹ 6 495.00
https://www.nike.com/in/t/air-force-1-mid-easyon-se-older-shoes-dn5Z4M/FQ3692-001,Nike Air Force 1 Mid EasyOn SEOlder Kids' Shoes,Older Kids' Shoes,₹ 8 257.00,MRP : ₹ 8 695.00
https://www.nike.com/in/t/infinityrn-4-road-running-shoes-xhpmN7/DR2670-104,Nike InfinityRN 4Women's Road Running Shoes,Women's Road Running Shoes,₹ 14 247.00,MRP : ₹ 14 995.00
https://www.nike.com/in/t/air-jordan-xxxviii-low-pf-basketball-shoes-2lBnKn/FD2325-004,Air Jordan XXXVIII Low PFBasketball Shoes,Basketball Shoes,₹ 16 427.00,MRP : ₹ 17 295.00
https://www.nike.com/in/t/air-jordan-1-elevate-high-shoes-rKPNHR/DN3253-114,Air Jordan 1 Elevate HighWomen's Shoes,Women's Shoes,₹ 13 487.00,MRP : ₹ 14 195.00
https://www.nike.com/in/t/dynamo-2-easyon-younger-shoes-Q6qD3N/FD0553-401,Nike Dynamo 2 EasyOnYounger Kids' Shoes,Younger Kids' Shoes,₹ 5 027.00,MRP : ₹ 5 295.00
https://www.nike.com/in/t/air-max-1-shoes-ZCSX34/FD9082-002,Nike Air Max 1Men's shoes,Men's shoes,₹ 12 157.00,MRP : ₹ 12 795.00
https://www.nike.com/in/t/free-metcon-5-workout-shoes-HfHgmZ/DV3950-105,Nike Free Metcon 5Women's Workout Shoes,Women's Workout Shoes,₹ 10 257.00,MRP : ₹ 10 795.00
https://www.nike.com/in/t/air-jordan-1-low-se-older-shoes-Hc1XxX/FZ5046-041,Air Jordan 1 Low SEOlder Kids' Shoes,Older Kids' Shoes,₹ 8 257.00,MRP : ₹ 8 695.00
https://www.nike.com/in/t/zoom-vomero-5-shoes-pTGjFN/FQ7079-001,Nike Zoom Vomero 5Women's Shoes,Women's Shoes,₹ 14 247.00,MRP : ₹ 14 995.00
https://www.nike.com/in/t/air-zoom-victory-athletics-distance-spikes-4MFFfp/CD4385-400,Nike Air Zoom VictoryAthletics Distance Spikes,Athletics Distance Spikes,₹ 15 197.00,MRP : ₹ 15 995.00
https://www.nike.com/in/t/air-force-1-older-shoes-53wz0t/FV5948-107,Nike Air Force 1Older Kids' Shoes,Older Kids' Shoes,₹ 6 647.00,MRP : ₹ 6 995.00
https://www.nike.com/in/t/jordan-flare-and-shoe-xdcH5J/CI7850-302,Jordan FlareBaby and Toddler Shoe,Baby and Toddler Shoe,₹ 2 847.00,MRP : ₹ 2 995.00
https://www.nike.com/in/t/nikecourt-legacy-older-shoes-dBCJpZ/DA5380-121,NikeCourt LegacyOlder Kids' Shoes,Older Kids' Shoes,₹ 3 317.00,MRP : ₹ 3 495.00
https://www.nike.com/in/t/lebron-xxi-ep-basketball-shoes-4tVgfH/FV2346-302,LeBron XXI EPBasketball Shoes,Basketball Shoes,₹ 17 477.00,MRP : ₹ 18 395.00
https://www.nike.com/in/t/air-max-scorpion-flyknit-shoes-DP54Sv/DJ4702-002,Nike Air Max Scorpion FlyknitWomen's Shoes,Women's Shoes,₹ 21 847.00,MRP : ₹ 22 995.00
https://www.nike.com/in/t/vaporfly-3-road-racing-shoes-m5n9fV/FQ7676-100,Nike Vaporfly 3 PremiumMen's Road Racing Shoes,Men's Road Racing Shoes,₹ 21 557.00,MRP : ₹ 22 695.00
https://www.nike.com/in/t/air-max-270-and-shoe-BJTBHf/DD1646-002,Nike Air Max 270Baby & Toddler Shoe,Baby & Toddler Shoe,₹ 6 167.00,MRP : ₹ 6 495.00
https://www.nike.com/in/t/sunray-adjust-6-younger-slides-wTQV6P/DX5545-003,Nike Sunray Adjust 6Younger Kids' Slides,Younger Kids' Slides,₹ 2 847.00,MRP : ₹ 2 995.00
https://www.nike.com/in/t/invincible-3-road-running-shoes-Bkj9VF/FZ3654-053,Nike Invincible 3Men's Road Running Shoes,Men's Road Running Shoes,₹ 16 617.00,MRP : ₹ 17 495.00
https://www.nike.com/in/t/mercurial-vapor-15-academy-indoor-court-low-top-football-shoes-kjqhHM/DJ5633-700,Nike Mercurial Vapor 15 AcademyIndoor Court Low-Top Football Shoes,Indoor Court Low-Top Football Shoes,₹ 7 597.00,MRP : ₹ 7 995.00
https://www.nike.com/in/t/free-rn-nn-road-running-shoes-D64TzS/FB1276-104,Nike Free RN NNMen's Road Running Shoes,Men's Road Running Shoes,₹ 8 257.00,MRP : ₹ 8 695.00
https://www.nike.com/in/t/force-1-low-lv8-easyon-younger-shoes-dmJkN3/FN0409-001,Nike Force 1 Low LV8 EasyOnYounger Kids' Shoes,Younger Kids' Shoes,₹ 6 167.00,MRP : ₹ 6 495.00
https://www.nike.com/in/t/dunk-low-shoes-fhs947/FB9107-106,Nike Dunk LowBaby/Toddler Shoes,Baby/Toddler Shoes,₹ 4 367.00,MRP : ₹ 4 595.00
https://www.nike.com/in/t/ja-1-se-camp-ja-older-basketball-shoes-xJNvBq/FN4977-400,Ja 1 SE 'Camp Ja'Older Kids' Basketball Shoes,Older Kids' Basketball Shoes,₹ 7 117.00,MRP : ₹ 7 495.00
https://www.nike.com/in/t/jordan-23-7-younger-shoes-ZlBBQP/DQ9293-401,Jordan 23/7Younger Kids' Shoes,Younger Kids' Shoes,₹ 4 747.00,MRP : ₹ 4 995.00
https://www.nike.com/in/t/force-1-low-lv8-easyon-shoes-l7Ldhb/HF5350-001,Nike Force 1 Low LV8 EasyOnBaby/Toddler Shoes,Baby/Toddler Shoes,₹ 5 407.00,MRP : ₹ 5 695.00
https://www.nike.com/in/t/revolution-7-shoes-Bv4Wl1/FB7691-600,Nike Revolution 7Baby/Toddler Shoes,Baby/Toddler Shoes,₹ 2 937.00,MRP : ₹ 3 095.00
https://www.nike.com/in/t/tiempo-legend-10-academy-low-top-football-shoes-2gKwhN/DV4342-040,Nike Tiempo Legend 10 AcademyTurf Low-Top Football Shoes,Turf Low-Top Football Shoes,₹ 7 117.00,MRP : ₹ 7 495.00
https://www.nike.com/in/t/tanjun-easyon-shoes-GqNnp3/DV7775-101,Nike Tanjun EasyOnMen's Shoes,Men's Shoes,₹ 5 407.00,MRP : ₹ 5 695.00
https://www.nike.com/in/t/lebron-witness-8-ep-basketball-shoes-fRP6ss/FB2237-002,LeBron Witness 8 EPBasketball Shoes,Basketball Shoes,₹ 8 257.00,MRP : ₹ 8 695.00
https://www.nike.com/in/t/air-max-systm-shoes-x3Bgkf/DQ0286-113,Nike Air Max SYSTMBaby/Toddler Shoes,Baby/Toddler Shoes,₹ 4 267.00,MRP : ₹ 4 495.00
https://www.nike.com/in/t/jordan-sophia-slides-dcq32F/DO8863-011,Jordan SophiaWomen's Slides,Women's Slides,₹ 7 117.00,MRP : ₹ 7 495.00
https://www.nike.com/in/t/go-flyease-easy-on-off-shoes-3svRCL/DR5540-105,Nike Go FlyEaseEasy On/Off Shoes,Easy On/Off Shoes,₹ 11 297.00,MRP : ₹ 11 895.00
https://www.nike.com/in/t/air-jordan-1-mid-se-shoes-7Z9gTq/FJ3448-001,Air Jordan 1 Mid SEWomen's Shoes,Women's Shoes,₹ 11 677.00,MRP : ₹ 12 295.00
https://www.nike.com/in/t/sb-day-one-older-skate-shoes-WK6SND/FN4210-400,Nike SB Day OneOlder Kids' Skate Shoes,Older Kids' Skate Shoes,₹ 5 977.00,MRP : ₹ 6 295.00
https://www.nike.com/in/t/air-max-plus-3-shoes-tCDqdH/HF3838-001,Nike Air Max Plus 3Men's Shoes,Men's Shoes,₹ 16 147.00,MRP : ₹ 16 995.00
https://www.nike.com/in/t/ja-1-older-basketball-shoes-NK2BHR/DX2294-102,JA 1Older Kids' Basketball Shoes,Older Kids' Basketball Shoes,₹ 6 167.00,MRP : ₹ 6 495.00
https://www.nike.com/in/t/sb-zoom-nyjah-3-skate-shoes-PrgwqL/DV7896-100,Nike SB Zoom Nyjah 3Skate Shoes,Skate Shoes,₹ 8 257.00,MRP : ₹ 8 695.00
https://www.nike.com/in/t/air-jordan-1-low-se-older-shoes-1RtGMR/FQ7380-400,Air Jordan 1 Low SEOlder Kids' Shoes,Older Kids' Shoes,₹ 7 877.00,MRP : ₹ 8 295.00
https://www.nike.com/in/t/versair-workout-shoes-Z72kfr/DZ3547-105,Nike VersairWomen's Workout Shoes,Women's Workout Shoes,₹ 11 297.00,MRP : ₹ 11 895.00
https://www.nike.com/in/t/air-max-systm-shoes-x3Bgkf/DQ0286-110,Nike Air Max SYSTMBaby/Toddler Shoes,Baby/Toddler Shoes,₹ 4 267.00,MRP : ₹ 4 495.00
https://www.nike.com/in/t/air-max-1-sc-shoes-d7Qt8g/FN6983-100,Nike Air Max 1 SCMen's Shoes,Men's Shoes,₹ 13 297.00,MRP : ₹ 13 995.00
https://www.nike.com/in/t/calm-flip-flops-n6vxnB/FD4115-003,Nike CalmWomen's Flip-Flops,Women's Flip-Flops,₹ 3 697.00,MRP : ₹ 3 895.00
https://www.nike.com/in/t/free-rn-nn-road-running-shoes-jt4vDT/DX6482-100,Nike Free RN NNWomen's Road Running Shoes,Women's Road Running Shoes,₹ 8 257.00,MRP : ₹ 8 695.00
https://www.nike.com/in/t/jordan-post-older-slides-R6rDlN/FJ6069-401,Jordan PostOlder Kids' Slides,Older Kids' Slides,₹ 1 607.00,MRP : ₹ 1 695.00
https://www.nike.com/in/t/air-vapormax-2023-flyknit-shoes-JdMqJ0/FD3148-002,Nike Air VaporMax 2023 FlyknitWomen's shoes,Women's shoes,₹ 18 707.00,MRP : ₹ 19 695.00
https://www.nike.com/in/t/air-huarache-runner-shoes-6gNJ0g/DZ3306-400,Nike Air Huarache RunnerMen's Shoes,Men's Shoes,₹ 12 157.00,MRP : ₹ 12 795.00
https://www.nike.com/in/t/e-series-ad-shoes-cx8gBx/FN8013-100,Nike E-Series ADMen's Shoes,Men's Shoes,₹ 5 977.00,MRP : ₹ 6 295.00
https://www.nike.com/in/t/force-1-cot-bootie-fCWsZJ/CK2201-100,Nike Force 1 CotBaby Bootie,Baby Bootie,₹ 2 847.00,MRP : ₹ 2 995.00
https://www.nike.com/in/t/sb-react-leo-skate-shoes-xbV54N/DX4361-004,Nike SB React LeoSkate Shoes,Skate Shoes,₹ 8 167.00,MRP : ₹ 8 595.00
https://www.nike.com/in/t/dunk-low-older-shoes-C7T1cx/FB9109-104,Nike Dunk LowOlder Kids' Shoes,Older Kids' Shoes,₹ 6 647.00,MRP : ₹ 6 995.00
https://www.nike.com/in/t/phantom-gx-2-club-ic-low-top-football-shoes-pKFWHf/FJ2568-001,Nike Phantom GX 2 ClubIC Low-Top Football Shoes,IC Low-Top Football Shoes,₹ 5 217.00,MRP : ₹ 5 495.00
https://www.nike.com/in/t/air-max-90-ltr-older-shoes-9xnt2B/CD6864-126,Nike Air Max 90 LTROlder Kids' Shoes,Older Kids' Shoes,₹ 7 117.00,MRP : ₹ 7 495.00
https://www.nike.com/in/t/air-jordan-xxxviii-low-pf-basketball-shoes-2lBnKn/FD2325-100,Air Jordan XXXVIII Low PFBasketball Shoes,Basketball Shoes,₹ 16 427.00,MRP : ₹ 17 295.00
https://www.nike.com/in/t/air-max-270-shoes-2V5C4p/AH8050-107,Nike Air Max 270Men's Shoes,Men's Shoes,₹ 13 297.00,MRP : ₹ 13 995.00
https://www.nike.com/in/t/jordan-stadium-90-shoes-0cSSz3/FB2269-100,Jordan Stadium 90Women's Shoes,Women's Shoes,₹ 12 157.00,MRP : ₹ 12 795.00
https://www.nike.com/in/t/air-max-sc-older-shoe-2kp8c1/CZ5358-115,Nike Air Max SCOlder Kids' Shoe,Older Kids' Shoe,₹ 5 217.00,MRP : ₹ 5 495.00
https://www.nike.com/in/t/swoosh-1-shoes-zqmX8g/FB3244-400,Nike Swoosh 1Baby/Toddler Shoes,Baby/Toddler Shoes,₹ 4 367.00,MRP : ₹ 4 595.00
https://www.nike.com/in/t/zoom-vomero-5-shoes-CrW9xf/FJ1915-200,Nike Zoom Vomero 5Men's Shoes,Men's Shoes,₹ 14 247.00,MRP : ₹ 14 995.00
https://www.nike.com/in/t/giannis-freak-5-older-basketball-shoes-r2FjbC/DZ4486-400,Giannis Freak 5Older Kids' Basketball Shoes,Older Kids' Basketball Shoes,₹ 7 117.00,MRP : ₹ 7 495.00
https://www.nike.com/in/t/blazer-mid-77-younger-shoe-B16GzM/DA4087-116,Nike Blazer Mid '77Younger Kids' Shoe,Younger Kids' Shoe,₹ 5 697.00,MRP : ₹ 5 995.00
https://www.nike.com/in/t/dunk-low-shoes-wbxcmN/DD1873-107,Nike Dunk LowWomen's Shoes,Women's Shoes,₹ 7 877.00,MRP : ₹ 8 295.00
https://www.nike.com/in/t/flex-plus-2-older-running-shoes-PbFFJC/DV8999-102,Nike Flex Plus 2Older Kids' Running Shoes,Older Kids' Running Shoes,₹ 4 747.00,MRP : ₹ 4 995.00
https://www.nike.com/in/t/blazer-mid-77-older-shoes-L3QddQ/DA4086-116,Nike Blazer Mid '77Older Kids' Shoes,Older Kids' Shoes,₹ 6 167.00,MRP : ₹ 6 495.00
https://www.nike.com/in/t/blazer-low-platform-shoes-1g6h57/DJ0292-105,Nike Blazer Low PlatformWomen's Shoes,Women's Shoes,₹ 7 787.00,MRP : ₹ 8 195.00
https://www.nike.com/in/t/zoom-gp-challenge-1-hard-court-tennis-shoes-GkKp0d/FB3147-101,Nike Zoom GP Challenge 1Men's Hard Court Tennis Shoes,Men's Hard Court Tennis Shoes,₹ 13 297.00,MRP : ₹ 13 995.00
https://www.nike.com/in/t/jordan-stadium-90-shoes-0cSSz3/FB2269-001,Jordan Stadium 90Women's Shoes,Women's Shoes,₹ 12 157.00,MRP : ₹ 12 795.00
https://www.nike.com/in/t/air-max-97-shoes-Txqrxg/BQ4567-001,Nike Air Max 97Men's Shoes,Men's Shoes,₹ 16 617.00,MRP : ₹ 17 495.00
https://www.nike.com/in/t/invincible-3-road-running-shoes-T8cvrp/DR2615-403,Nike Invincible 3Men's Road Running Shoes,Men's Road Running Shoes,₹ 16 147.00,MRP : ₹ 16 995.00
https://www.nike.com/in/t/court-borough-low-recraft-shoes-D0nqP8/DV5458-002,Nike Court Borough Low RecraftBaby/Toddler Shoes,Baby/Toddler Shoes,₹ 2 937.00,MRP : ₹ 3 095.00
https://www.nike.com/in/t/full-force-low-shoes-w2MKmW/FB1362-102,Nike Full Force LowMen's Shoes,Men's Shoes,₹ 8 067.00,MRP : ₹ 8 495.00
https://www.nike.com/in/t/air-more-uptempo-older-shoes-QsPZf9/FN4857-100,Nike Air More UptempoOlder Kids' Shoes,Older Kids' Shoes,₹ 9 497.00,MRP : ₹ 9 995.00
https://www.nike.com/in/t/air-jordan-9-g-golf-shoes-Fp9GL3/FJ5934-001,Air Jordan 9 GGolf Shoes,Golf Shoes,₹ 18 707.00,MRP : ₹ 19 695.00
https://www.nike.com/in/t/nikecourt-legacy-older-shoes-dBCJpZ/DA5380-101,NikeCourt LegacyOlder Kids' Shoes,Older Kids' Shoes,₹ 3 317.00,MRP : ₹ 3 495.00
https://www.nike.com/in/t/gt-cut-academy-ep-basketball-shoes-DTdMPk/FB2598-002,Nike G.T. Cut Academy EPBasketball Shoes,Basketball Shoes,₹ 8 067.00,MRP : ₹ 8 495.00
https://www.nike.com/in/t/air-force-1-07-lx-shoes-FKRC5l/FN5757-100,Nike Air Force 1 '07 LXMen's Shoes,Men's Shoes,₹ 11 297.00,MRP : ₹ 11 895.00
https://www.nike.com/in/t/air-max-furyosa-nrg-shoes-jKWgZB/DC7350-101,Nike Air Max Furyosa NRGWomen's Shoes,Women's Shoes,₹ 13 767.00,MRP : ₹ 14 495.00
https://www.nike.com/in/t/jordan-1-low-alt-shoes-jNQKZv/DR9747-060,Jordan 1 Low AltBaby/Toddler Shoes,Baby/Toddler Shoes,₹ 4 177.00,MRP : ₹ 4 395.00
https://www.nike.com/in/t/air-max-270-older-shoes-tnlrnr/943345-117,Nike Air Max 270Older Kids' Shoes,Older Kids' Shoes,₹ 10 447.00,MRP : ₹ 10 995.00
https://www.nike.com/in/t/acg-torre-mid-waterproof-shoes-qNT3xc/FD0212-600,Nike ACG Torre Mid WaterproofMen's Shoes,Men's Shoes,₹ 14 247.00,MRP : ₹ 14 995.00
https://www.nike.com/in/t/air-max-90-ltr-younger-shoes-3W4GLs/CD6867-126,Nike Air Max 90 LTRYounger Kids' Shoes,Younger Kids' Shoes,₹ 6 167.00,MRP : ₹ 6 495.00
https://www.nike.com/in/t/air-max-excee-younger-shoes-CLBZpZ/FB3059-104,Nike Air Max ExceeYounger Kids' Shoes,Younger Kids' Shoes,₹ 5 977.00,MRP : ₹ 6 295.00
https://www.nike.com/in/t/jordan-hex-mule-shoes-JTHQcM/DX6405-004,Jordan Hex MuleWomen's Shoes,Women's Shoes,₹ 4 747.00,MRP : ₹ 4 995.00
https://www.nike.com/in/t/force-1-low-lv8-easyon-younger-shoes-hn3pM7/HF5351-001,Nike Force 1 Low LV8 EasyOnYounger Kids' Shoes,Younger Kids' Shoes,₹ 6 167.00,MRP : ₹ 6 495.00
https://www.nike.com/in/t/free-rn-nn-road-running-shoes-jt4vDT/DX6482-006,Nike Free RN NNWomen's Road Running Shoes,Women's Road Running Shoes,₹ 8 257.00,MRP : ₹ 8 695.00
https://www.nike.com/in/t/react-gato-indoor-court-low-top-football-shoes-pQBhgB/CT0550-800,Nike React GatoIndoor Court Low-Top Football Shoes,Indoor Court Low-Top Football Shoes,₹ 11 397.00,MRP : ₹ 11 995.00
https://www.nike.com/in/t/offcourt-adjust-slides-0lvVgp/DV1033-100,Nike Offcourt AdjustWomen's Slides,Women's Slides,₹ 3 037.00,MRP : ₹ 3 195.00
https://www.nike.com/in/t/wio-11-road-running-shoes-2SNS3P/FJ9509-005,Nike Winflo 11Men's Road Running Shoes,Men's Road Running Shoes,₹ 8 257.00,MRP : ₹ 8 695.00
https://www.nike.com/in/t/air-jordan-1-mid-shoes-86f1ZW/BQ6472-200,Air Jordan 1 MidWomen's Shoes,Women's Shoes,₹ 10 917.00,MRP : ₹ 11 495.00
https://www.nike.com/in/t/cosmic-unity-3-basketball-shoes-hcwmW0/DV2757-003,Cosmic Unity 3Basketball Shoes,Basketball Shoes,₹ 13 297.00,MRP : ₹ 13 995.00
https://www.nike.com/in/t/flex-experience-run-12-road-running-shoes-6M54kt/DV0746-101,Nike Flex Experience Run 12Women's Road Running Shoes,Women's Road Running Shoes,₹ 4 747.00,MRP : ₹ 4 995.00
https://www.nike.com/in/t/acg-air-exploraid-shoes-snLbzJ/FJ1920-001,Nike ACG Air ExploraidMen's Shoes,Men's Shoes,₹ 12 157.00,MRP : ₹ 12 795.00
https://www.nike.com/in/t/pegasus-trail-4-gore-tex-waterproof-trail-running-shoes-pQ2Pzs/DJ7926-007,Nike Pegasus Trail 4 GORE-TEXMen's Waterproof Trail-Running Shoes,Men's Waterproof Trail-Running Shoes,₹ 14 247.00,MRP : ₹ 14 995.00
https://www.nike.com/in/t/jordan-flare-younger-shoe-8xqMTD/CI7849-302,Jordan FlareYounger Kids' Shoe,Younger Kids' Shoe,₹ 2 847.00,MRP : ₹ 2 995.00
https://www.nike.com/in/t/blazer-mid-77-shoes-4qWCrg/DQ4124-106,Nike Blazer Mid '77Women's Shoes,Women's Shoes,₹ 8 447.00,MRP : ₹ 8 895.00
https://www.nike.com/in/t/air-dunk-jumbo-shoes-wc8JrQ/DV0821-002,Nike Air Dunk JumboMen's Shoes,Men's Shoes,₹ 10 917.00,MRP : ₹ 11 495.00
https://www.nike.com/in/t/force-1-low-easyon-younger-shoes-bMPCZm/FN0237-107,Nike Force 1 Low EasyOnYounger Kids' Shoes,Younger Kids' Shoes,₹ 5 697.00,MRP : ₹ 5 995.00
https://www.nike.com/in/t/jordan-super-play-slides-Cfj5Q4/DM1683-010,Jordan Super PlayMen's Slides,Men's Slides,₹ 3 987.00,MRP : ₹ 4 195.00
https://www.nike.com/in/t/air-force-1-shadow-shoes-3d774m/DZ1847-102,Nike Air Force 1 ShadowWomen's Shoes,Women's Shoes,₹ 11 297.00,MRP : ₹ 11 895.00
https://www.nike.com/in/t/journey-run-road-running-shoes-Q5kF8v/FN0228-103,Nike Journey RunMen's Road Running Shoes,Men's Road Running Shoes,₹ 8 067.00,MRP : ₹ 8 495.00
https://www.nike.com/in/t/air-force-1-lv8-older-shoes-5fHX3H/FZ5529-103,Nike Air Force 1 LV8Older Kids' Shoes,Older Kids' Shoes,₹ 7 877.00,MRP : ₹ 8 295.00
https://www.nike.com/in/t/little-rift-shoes-lX4wm3/317415-111,Nike Little RiftBaby & Toddler Shoes,Baby & Toddler Shoes,₹ 3 317.00,MRP : ₹ 3 495.00
https://www.nike.com/in/t/e-series-ad-shoes-3jT3pp/DV8405-601,Nike E-Series ADWomen's Shoes,Women's Shoes,₹ 5 977.00,MRP : ₹ 6 295.00
https://www.nike.com/in/t/structure-25-road-running-shoes-ldJChc/DJ7884-006,Nike Structure 25Women's Road Running Shoes,Women's Road Running Shoes,₹ 11 297.00,MRP : ₹ 11 895.00
https://www.nike.com/in/t/attack-shoes-nrTZPJ/FN0648-300,Nike AttackMen's Shoes,Men's Shoes,₹ 10 257.00,MRP : ₹ 10 795.00
https://www.nike.com/in/t/versair-workout-shoes-Z72kfr/DZ3547-100,Nike VersairWomen's Workout Shoes,Women's Workout Shoes,₹ 11 297.00,MRP : ₹ 11 895.00
https://www.nike.com/in/t/invincible-3-road-running-shoes-VZDSsw/DR2660-500,Nike Invincible 3Women's Road Running Shoes,Women's Road Running Shoes,₹ 16 147.00,MRP : ₹ 16 995.00
https://www.nike.com/in/t/air-max-1-older-shoes-8Gj22m/DZ3307-104,Air Max 1Older Kids' Shoes,Older Kids' Shoes,₹ 7 117.00,MRP : ₹ 7 495.00
https://www.nike.com/in/t/air-jordan-1-low-se-craft-older-shoes-ZcCzsX/FQ7757-001,Air Jordan 1 Low SE CraftOlder Kids' Shoes,Older Kids' Shoes,₹ 7 877.00,MRP : ₹ 8 295.00
https://www.nike.com/in/t/lebron-nxxt-gen-ampd-ep-basketball-shoes-G2Xh7F/FJ1567-500,LeBron NXXT Gen AMPD EPBasketball Shoes,Basketball Shoes,₹ 14 247.00,MRP : ₹ 14 995.00
https://www.nike.com/in/t/air-pegasus-2005-shoes-SBNhS8/FZ2590-100,Nike Air Pegasus 2005Men's Shoes,Men's Shoes,₹ 14 247.00,MRP : ₹ 14 995.00
https://www.nike.com/in/t/run-swift-3-road-running-shoes-2fHbzp/DR2698-010,Nike Run Swift 3Women's Road Running Shoes,Women's Road Running Shoes,₹ 5 977.00,MRP : ₹ 6 295.00
https://www.nike.com/in/t/revolution-7-younger-shoes-msfDML/FB7690-005,Nike Revolution 7Younger Kids' Shoes,Younger Kids' Shoes,₹ 3 317.00,MRP : ₹ 3 495.00
https://www.nike.com/in/t/tiempo-legend-10-club-multi-ground-low-top-football-boot-PNdvpg/DV4344-700,Nike Tiempo Legend 10 ClubMulti-Ground Low-Top Football Boot,Multi-Ground Low-Top Football Boot,₹ 4 747.00,MRP : ₹ 4 995.00
https://www.nike.com/in/t/lebron-nxxt-gen-ampd-ep-basketball-shoes-G2Xh7F/FJ1567-300,LeBron NXXT Gen AMPD EPBasketball Shoes,Basketball Shoes,₹ 14 247.00,MRP : ₹ 14 995.00
https://www.nike.com/in/t/court-legacy-lift-shoes-Rwtb5P/FJ1986-600,Nike Court Legacy LiftWomen's Shoes,Women's Shoes,₹ 7 117.00,MRP : ₹ 7 495.00
https://www.nike.com/in/t/air-vapormax-2023-flyknit-shoes-4LVgjW/DV6840-100,Nike Air VaporMax 2023 FlyknitWomen's Shoes,Women's Shoes,₹ 18 327.00,MRP : ₹ 19 295.00
https://www.nike.com/in/t/force-1-low-easyon-shoes-kGpRmV/FN0236-103,Nike Force 1 Low EasyOnBaby/Toddler Shoes,Baby/Toddler Shoes,₹ 4 367.00,MRP : ₹ 4 595.00
https://www.nike.com/in/t/zoom-bella-6-workout-shoes-PX75xS/DR5720-502,Nike Zoom Bella 6Women's Workout Shoes,Women's Workout Shoes,₹ 7 117.00,MRP : ₹ 7 495.00
https://www.nike.com/in/t/star-runner-4-shoes-DlCV7P/DX7616-001,Nike Star Runner 4Baby/Toddler Shoes,Baby/Toddler Shoes,₹ 3 417.00,MRP : ₹ 3 595.00
https://www.nike.com/in/t/air-max-90-ltr-shoes-w1xd13/CD6868-126,Nike Air Max 90 LTRBaby/Toddler Shoes,Baby/Toddler Shoes,₹ 4 747.00,MRP : ₹ 4 995.00
https://www.nike.com/in/t/gt-cut-academy-ep-basketball-shoes-DTdMPk/FB2598-003,Nike G.T. Cut Academy EPBasketball Shoes,Basketball Shoes,₹ 8 067.00,MRP : ₹ 8 495.00
https://www.nike.com/in/t/air-max-sc-younger-shoes-GhRDDr/CZ5356-115,Nike Air Max SCYounger Kids' Shoes,Younger Kids' Shoes,₹ 4 267.00,MRP : ₹ 4 495.00
https://www.nike.com/in/t/revolution-7-road-running-shoes-dC34tK/FB2207-102,Nike Revolution 7Men's Road Running Shoes,Men's Road Running Shoes,₹ 3 507.00,MRP : ₹ 3 695.00
https://www.nike.com/in/t/superrep-cycle-2-next-nature-cycling-shoes-ttNK0V/DH3395-001,Nike SuperRep Cycle 2 Next NatureWomen's Cycling Shoes,Women's Cycling Shoes,₹ 9 777.00,MRP : ₹ 10 295.00
https://www.nike.com/in/t/invincible-3-road-running-shoes-T8cvrp/DR2615-001,Nike Invincible 3Men's Road Running Shoes,Men's Road Running Shoes,₹ 16 147.00,MRP : ₹ 16 995.00
https://www.nike.com/in/t/air-jordan-1-low-se-older-shoes-HgL6SM/FQ8156-142,Air Jordan 1 Low SEOlder Kids' Shoes,Older Kids' Shoes,₹ 7 877.00,MRP : ₹ 8 295.00
https://www.nike.com/in/t/air-force-1-07-lx-shoes-SGsVWx/DZ2708-400,Nike Air Force 1 '07 LXWomen's Shoes,Women's Shoes,₹ 11 297.00,MRP : ₹ 11 895.00
https://www.nike.com/in/t/nikecourt-legacy-canvas-shoes-L6X9xF/CZ0294-602,NikeCourt Legacy CanvasWomen's Shoes,Women's Shoes,₹ 3 797.00,MRP : ₹ 3 995.00
https://www.nike.com/in/t/jordan-max-aura-5-shoes-ZBZ4Pz/DZ4353-106,Jordan Max Aura 5Men's Shoes,Men's Shoes,₹ 11 297.00,MRP : ₹ 11 895.00
https://www.nike.com/in/t/air-humara-shoes-gKlrMG/FB9982-100,Nike Air HumaraWomen's Shoes,Women's Shoes,₹ 14 247.00,MRP : ₹ 14 995.00
https://www.nike.com/in/t/flex-runner-3-older-road-running-shoes-R0Gccp/FN1294-403,Nike Flex Runner 3Older Kids' Road Running Shoes,Older Kids' Road Running Shoes,₹ 3 417.00,MRP : ₹ 3 595.00
https://www.nike.com/in/t/acg-moc-shoes-hSTKL1/FV4574-500,Nike ACG Moc PremiumMen's Shoes,Men's Shoes,₹ 8 257.00,MRP : ₹ 8 695.00
https://www.nike.com/in/t/lebron-xxi-tahitian-older-basketball-shoes-Q0HDBH/FB7699-001,LeBron XXI 'Tahitian'Older Kids' Basketball Shoes,Older Kids' Basketball Shoes,₹ 10 727.00,MRP : ₹ 11 295.00
https://www.nike.com/in/t/vomero-17-road-running-shoes-0DbNrf/FB1309-004,Nike Vomero 17Men's Road Running Shoes,Men's Road Running Shoes,₹ 14 247.00,MRP : ₹ 14 995.00
https://www.nike.com/in/t/jordan-stadium-90-shoes-Jn6ZH4/DX4397-114,Jordan Stadium 90Men's Shoes,Men's Shoes,₹ 12 157.00,MRP : ₹ 12 795.00
https://www.nike.com/in/t/air-trainer-1-shoes-8dJ90B/FJ4183-100,Nike Air Trainer 1Men's Shoes,Men's Shoes,₹ 11 297.00,MRP : ₹ 11 895.00
https://www.nike.com/in/t/gp-challenge-1-osaka-hard-court-tennis-shoes-dsS4Ct/FJ1810-001,Nike GP Challenge 1 'Osaka'Women's Hard Court Tennis Shoes,Women's Hard Court Tennis Shoes,₹ 14 247.00,MRP : ₹ 14 995.00
https://www.nike.com/in/t/go-flyease-easy-on-off-shoes-3svRCL/DR5540-200,Nike Go FlyEaseEasy On/Off Shoes,Easy On/Off Shoes,₹ 11 297.00,MRP : ₹ 11 895.00
https://www.nike.com/in/t/air-max-1-easyon-younger-shoes-Hgp7Pt/DZ3308-004,Nike Air Max 1 EasyOnYounger Kids' Shoes,Younger Kids' Shoes,₹ 6 167.00,MRP : ₹ 6 495.00
https://www.nike.com/in/t/air-zoom-infinity-tour-next-golf-shoes-Gqt3ZQ/DM8446-001,Nike Air Zoom Infinity Tour NEXT%Men's Golf Shoe (Wide),Men's Golf Shoe (Wide),₹ 14 247.00,MRP : ₹ 14 995.00
https://www.nike.com/in/t/revolution-7-shoes-Bv4Wl1/FB7691-401,Nike Revolution 7Baby/Toddler Shoes,Baby/Toddler Shoes,₹ 2 937.00,MRP : ₹ 3 095.00
https://www.nike.com/in/t/tanjun-easyon-younger-shoes-v17CKD/DX9042-003,Nike Tanjun EasyOnYounger Kids' Shoes,Younger Kids' Shoes,₹ 4 367.00,MRP : ₹ 4 595.00
https://www.nike.com/in/t/air-max-ishod-shoes-pJPHs6/FB2393-102,Nike Air Max IshodMen's Shoes,Men's Shoes,₹ 9 207.00,MRP : ₹ 9 695.00
https://www.nike.com/in/t/air-max-1-86-og-g-golf-shoes-7QZsWP/DV1403-115,Nike Air Max 1 '86 OG GMen's Golf Shoes,Men's Golf Shoes,₹ 13 297.00,MRP : ₹ 13 995.00
https://www.nike.com/in/t/dunk-low-shoes-t6MW03/FZ3551-612,Nike Dunk LowBaby/Toddler Shoes,Baby/Toddler Shoes,₹ 4 367.00,MRP : ₹ 4 595.00
https://www.nike.com/in/t/team-hustle-d-11-se-shoes-t5075B/FN5007-001,Nike Team Hustle D 11 SEBaby/Toddler Shoes,Baby/Toddler Shoes,₹ 4 837.00,MRP : ₹ 5 095.00
https://www.nike.com/in/t/air-max-1-older-shoes-8Gj22m/DZ3307-109,Air Max 1Older Kids' Shoes,Older Kids' Shoes,₹ 7 117.00,MRP : ₹ 7 495.00
https://www.nike.com/in/t/jordan-spizike-low-older-shoes-40FbDq/FQ3950-100,Jordan Spizike LowOlder Kids' Shoes,Older Kids' Shoes,₹ 8 827.00,MRP : ₹ 9 295.00
https://www.nike.com/in/t/air-force-1-07-next-nature-shoes-nCJ6Wb/DV3808-102,Nike Air Force 1 '07 Next NatureWomen's Shoes,Women's Shoes,₹ 9 207.00,MRP : ₹ 9 695.00
https://www.nike.com/in/t/infinityrn-4-road-running-shoes-04G5w4/HF4306-100,Nike InfinityRN 4Women's Road Running Shoes,Women's Road Running Shoes,₹ 15 197.00,MRP : ₹ 15 995.00
https://www.nike.com/in/t/air-max-systm-shoes-hLmQ85/DM9537-001,Nike Air Max SYSTMMen's Shoes,Men's Shoes,₹ 8 167.00,MRP : ₹ 8 595.00
https://www.nike.com/in/t/ultrafly-trail-racing-shoes-4DRfrN/DX1978-101,Nike UltraflyMen's Trail-Racing Shoes,Men's Trail-Racing Shoes,₹ 20 607.00,MRP : ₹ 21 695.00
https://www.nike.com/in/t/jordan-post-slides-l46X9x/DX5575-401,Jordan PostMen's Slides,Men's Slides,₹ 2 087.00,MRP : ₹ 2 195.00
https://www.nike.com/in/t/gt-cut-3-ep-basketball-shoes-DGJp2L/DV2918-401,Nike G.T. Cut 3 EPBasketball Shoes,Basketball Shoes,₹ 16 617.00,MRP : ₹ 17 495.00
https://www.nike.com/in/t/quest-5-road-running-shoes-8wZR01/DD0204-104,Nike Quest 5Men's Road Running Shoes,Men's Road Running Shoes,₹ 5 977.00,MRP : ₹ 6 295.00
https://www.nike.com/in/t/air-zoom-arcadia-2-older-road-running-shoes-G2Zmlc/DM8491-401,Nike Air Zoom Arcadia 2Older Kids' Road Running Shoes,Older Kids' Road Running Shoes,₹ 5 697.00,MRP : ₹ 5 995.00
https://www.nike.com/in/t/air-max-270-and-shoe-BJTBHf/DD1646-001,Nike Air Max 270Baby & Toddler Shoe,Baby & Toddler Shoe,₹ 6 167.00,MRP : ₹ 6 495.00
https://www.nike.com/in/t/full-force-low-shoes-w2MKmW/FB1362-002,Nike Full Force LowMen's Shoes,Men's Shoes,₹ 8 067.00,MRP : ₹ 8 495.00
https://www.nike.com/in/t/sb-vertebrae-shoes-Zlnwhs/FD4691-102,Nike SB VertebraeMen's Shoes,Men's Shoes,₹ 7 117.00,MRP : ₹ 7 495.00
https://www.nike.com/in/t/infinity-tour-boa-2-golf-shoes-L4k0Ds/FN6730-300,Nike Infinity Tour BOA 2Golf Shoes (Wide),Golf Shoes (Wide),₹ 17 477.00,MRP : ₹ 18 395.00
https://www.nike.com/in/t/run-swift-3-road-running-shoes-2fHbzp/DR2698-008,Nike Run Swift 3Women's Road Running Shoes,Women's Road Running Shoes,₹ 5 977.00,MRP : ₹ 6 295.00
https://www.nike.com/in/t/dynamo-2-easyon-shoes-lmGSBM/FD0554-400,Nike Dynamo 2 EasyOnBaby/Toddler Shoes,Baby/Toddler Shoes,₹ 4 077.00,MRP : ₹ 4 295.00
https://www.nike.com/in/t/team-hustle-d-11-se-older-basketball-shoes-PJp1jl/FN5005-001,Nike Team Hustle D 11 SEOlder Kids' Basketball Shoes,Older Kids' Basketball Shoes,₹ 5 697.00,MRP : ₹ 5 995.00
https://www.nike.com/in/t/air-max-1-easyon-younger-shoes-Hgp7Pt/DZ3308-103,Nike Air Max 1 EasyOnYounger Kids' Shoes,Younger Kids' Shoes,₹ 6 167.00,MRP : ₹ 6 495.00
https://www.nike.com/in/t/wio-11-road-running-shoes-lnpWld/FJ9510-101,Nike Winflo 11Women's Road Running Shoes,Women's Road Running Shoes,₹ 8 257.00,MRP : ₹ 8 695.00
https://www.nike.com/in/t/invincible-3-road-running-shoes-ghzQjn/DR2660-601,Nike Invincible 3Women's Road Running Shoes,Women's Road Running Shoes,₹ 16 147.00,MRP : ₹ 16 995.00
https://www.nike.com/in/t/air-max-270-and-shoe-BJTBHf/DD1646-117,Nike Air Max 270Baby & Toddler Shoe,Baby & Toddler Shoe,₹ 6 167.00,MRP : ₹ 6 495.00
https://www.nike.com/in/t/air-max-pulse-se-shoes-f9Xn4Z/FN6919-100,Nike Air Max Pulse SEMen's Shoes,Men's Shoes,₹ 13 297.00,MRP : ₹ 13 995.00
https://www.nike.com/in/t/dunk-low-retro-shoes-7h7hLD/HF4878-053,Nike Dunk Low Retro PremiumMen's Shoes,Men's Shoes,₹ 10 257.00,MRP : ₹ 10 795.00
https://www.nike.com/in/t/air-force-1-07-shoes-rKDDnV/FZ3597-133,Nike Air Force 1 '07Women's Shoes,Women's Shoes,₹ 9 207.00,MRP : ₹ 9 695.00
https://www.nike.com/in/t/metcon-9-workout-shoes-ldMsxB/DZ2617-601,Nike Metcon 9Men's Workout Shoes,Men's Workout Shoes,₹ 12 157.00,MRP : ₹ 12 795.00
https://www.nike.com/in/t/lebron-xxi-se-summerverse-older-basketball-shoes-7g78wW/FN5040-500,LeBron XXI SE 'Summerverse'Older Kids' Basketball Shoes,Older Kids' Basketball Shoes,₹ 11 487.00,MRP : ₹ 12 095.00
https://www.nike.com/in/t/air-jordan-1-low-se-shoes-nxMDqp/FZ3972-294,Air Jordan 1 Low SEWomen's Shoes,Women's Shoes,₹ 11 297.00,MRP : ₹ 11 895.00
https://www.nike.com/in/t/air-jordan-1-mid-se-shoes-fbkFVr/FQ7831-142,Air Jordan 1 Mid SEMen's Shoes,Men's Shoes,₹ 11 677.00,MRP : ₹ 12 295.00
https://www.nike.com/in/t/cortez-shoes-fc340H/HF4268-113,Nike CortezWomen's Shoes,Women's Shoes,₹ 8 067.00,MRP : ₹ 8 495.00
https://www.nike.com/in/t/dynamo-2-easyon-shoes-lmGSBM/FD0554-600,Nike Dynamo 2 EasyOnBaby/Toddler Shoes,Baby/Toddler Shoes,₹ 4 077.00,MRP : ₹ 4 295.00
https://www.nike.com/in/t/blazer-low-pro-club-shoes-v1TLgx/FJ3694-100,Nike Blazer Low Pro ClubMen's Shoes,Men's Shoes,₹ 8 257.00,MRP : ₹ 8 695.00
https://www.nike.com/in/t/impact-4-basketball-shoes-CcJxBx/DM1124-402,Nike Impact 4Basketball Shoes,Basketball Shoes,₹ 8 067.00,MRP : ₹ 8 495.00
https://www.nike.com/in/t/blazer-mid-77-shoes-4qWCrg/DQ4124-107,Nike Blazer Mid '77Women's Shoes,Women's Shoes,₹ 8 447.00,MRP : ₹ 8 895.00
https://www.nike.com/in/t/air-max-90-ltr-older-shoes-9xnt2B/CD6864-026,Nike Air Max 90 LTROlder Kids' Shoes,Older Kids' Shoes,₹ 7 117.00,MRP : ₹ 7 495.00
https://www.nike.com/in/t/wio-11-road-running-shoes-2SNS3P/FJ9509-100,Nike Winflo 11Men's Road Running Shoes,Men's Road Running Shoes,₹ 8 257.00,MRP : ₹ 8 695.00
https://www.nike.com/in/t/dunk-low-shoes-fhs947/FB9107-102,Nike Dunk LowBaby/Toddler Shoes,Baby/Toddler Shoes,₹ 4 367.00,MRP : ₹ 4 595.00
https://www.nike.com/in/t/sb-zoom-pogo-plus-skate-shoes-lSb78K/DV5469-600,Nike SB Zoom Pogo PlusSkate Shoes,Skate Shoes,₹ 7 117.00,MRP : ₹ 7 495.00
https://www.nike.com/in/t/freak-5-ep-basketball-shoes-dPwdt7/DX4996-003,Freak 5 EPBasketball Shoes,Basketball Shoes,₹ 10 917.00,MRP : ₹ 11 495.00
https://www.nike.com/in/t/tech-hera-shoes-JlV5km/DR9761-002,Nike Tech HeraWomen's shoes,Women's shoes,₹ 9 207.00,MRP : ₹ 9 695.00
https://www.nike.com/in/t/zoom-vomero-5-shoes-lPh3JX/FJ1910-300,Nike Zoom Vomero 5Men's Shoes,Men's Shoes,₹ 15 197.00,MRP : ₹ 15 995.00
https://www.nike.com/in/t/e-series-ad-shoes-hLR5pR/DV2436-101,Nike E-Series ADMen's Shoes,Men's Shoes,₹ 5 977.00,MRP : ₹ 6 295.00
https://www.nike.com/in/t/air-max-plus-drift-shoes-FCM3Rg/FD4290-009,Nike Air Max Plus DriftMen's Shoes,Men's Shoes,₹ 15 477.00,MRP : ₹ 16 295.00
https://www.nike.com/in/t/acg-moc-shoes-cTsP9p/FV4571-300,Nike ACG Moc PremiumMen's Shoes,Men's Shoes,₹ 8 257.00,MRP : ₹ 8 695.00
https://www.nike.com/in/t/dunk-low-shoes-wbxcmN/DD1873-103,Nike Dunk LowWomen's Shoes,Women's Shoes,₹ 7 877.00,MRP : ₹ 8 295.00
https://www.nike.com/in/t/jordan-jumpman-older-slides-lrNpBZ/FQ1597-600,Jordan JumpmanOlder Kids' Slides,Older Kids' Slides,₹ 2 847.00,MRP : ₹ 2 995.00
https://www.nike.com/in/t/calm-slides-T7qMVF/DX4816-202,Nike CalmWomen's Slides,Women's Slides,₹ 3 697.00,MRP : ₹ 3 895.00
https://www.nike.com/in/t/dynamo-go-easy-on-off-shoes-st92bW/DH3438-100,Nike Dynamo GoBaby/Toddler Easy On/Off Shoes,Baby/Toddler Easy On/Off Shoes,₹ 3 797.00,MRP : ₹ 3 995.00
https://www.nike.com/in/t/jordan-stadium-90-shoes-0cSSz3/FB2269-101,Jordan Stadium 90Women's Shoes,Women's Shoes,₹ 12 157.00,MRP : ₹ 12 795.00
https://www.nike.com/in/t/nikecourt-vapor-lite-2-hard-court-tennis-shoes-8dGHWK/DV2018-107,NikeCourt Vapor Lite 2Men's Hard Court Tennis Shoes,Men's Hard Court Tennis Shoes,₹ 6 737.00,MRP : ₹ 7 095.00
https://www.nike.com/in/t/force-1-mid-easyon-shoes-lXgc9Q/FJ1918-111,Nike Force 1 Mid EasyOnBaby/Toddler Shoes,Baby/Toddler Shoes,₹ 4 837.00,MRP : ₹ 5 095.00
https://www.nike.com/in/t/gp-challenge-pro-hard-court-tennis-shoes-cR47VK/FB3145-101,Nike GP Challenge ProMen's Hard Court Tennis Shoes,Men's Hard Court Tennis Shoes,₹ 9 207.00,MRP : ₹ 9 695.00
https://www.nike.com/in/t/air-zoom-victory-tour-3-nrg-golf-shoes-FW2tG7/FJ2242-100,Nike Air Zoom Victory Tour 3 NRGGolf Shoes (Extra Wide),Golf Shoes (Extra Wide),₹ 18 327.00,MRP : ₹ 19 295.00
https://www.nike.com/in/t/free-rn-nn-road-running-shoes-jt4vDT/DX6482-600,Nike Free RN NNWomen's Road Running Shoes,Women's Road Running Shoes,₹ 8 257.00,MRP : ₹ 8 695.00
https://www.nike.com/in/t/react-phantom-run-flyknit-2-road-running-shoes-lMXdBX/DV2139-100,Nike React Phantom Run Flyknit 2Men's Road Running Shoes,Men's Road Running Shoes,₹ 11 397.00,MRP : ₹ 11 995.00
https://www.nike.com/in/t/air-max-1-shoes-PZjm4T/FN6952-101,Nike Air Max 1Men's Shoes,Men's Shoes,₹ 12 157.00,MRP : ₹ 12 795.00
https://www.nike.com/in/t/air-zoom-arcadia-2-older-road-running-shoes-G2Zmlc/DM8491-102,Nike Air Zoom Arcadia 2Older Kids' Road Running Shoes,Older Kids' Road Running Shoes,₹ 5 697.00,MRP : ₹ 5 995.00
https://www.nike.com/in/t/air-jordan-1-mid-se-shoes-qG5ltp/FJ3458-160,Air Jordan 1 Mid SEMen's Shoes,Men's Shoes,₹ 11 677.00,MRP : ₹ 12 295.00
https://www.nike.com/in/t/acg-torre-mid-waterproof-shoes-qNT3xc/FD0212-201,Nike ACG Torre Mid WaterproofMen's Shoes,Men's Shoes,₹ 14 247.00,MRP : ₹ 14 995.00
https://www.nike.com/in/t/jordan-23-7-shoes-VgL3Kq/DQ9294-401,Jordan 23/7Baby/Toddler Shoes,Baby/Toddler Shoes,₹ 3 797.00,MRP : ₹ 3 995.00
https://www.nike.com/in/t/air-max-2013-older-shoes-06vBBb/555753-001,Nike Air Max 2013Older Kids' Shoes,Older Kids' Shoes,₹ 9 877.00,MRP : ₹ 10 395.00
https://www.nike.com/in/t/air-vapormax-2023-flyknit-shoes-JdMqJ0/FD3148-001,Nike Air VaporMax 2023 FlyknitWomen's shoes,Women's shoes,₹ 18 707.00,MRP : ₹ 19 695.00
https://www.nike.com/in/t/sunray-protect-2-sandals-VjS6fW/943827-403,Nike Sunray Protect 2Baby/Toddler Sandals,Baby/Toddler Sandals,₹ 2 367.00,MRP : ₹ 2 495.00
https://www.nike.com/in/t/victory-pro-3-golf-shoes-ZhwcJ8/DX9028-104,Nike Victory Pro 3Men's Golf Shoe (Wide),Men's Golf Shoe (Wide),₹ 10 257.00,MRP : ₹ 10 795.00
https://www.nike.com/in/t/air-max-1-easyon-shoes-K6x2mJ/DZ3309-004,Air Max 1 EasyOnBaby/Toddler Shoes,Baby/Toddler Shoes,₹ 5 407.00,MRP : ₹ 5 695.00
https://www.nike.com/in/t/swoosh-1-shoes-zqmX8g/FB3244-500,Nike Swoosh 1Baby/Toddler Shoes,Baby/Toddler Shoes,₹ 4 367.00,MRP : ₹ 4 595.00
https://www.nike.com/in/t/terminator-high-shoes-KBzHKT/FJ4198-001,Nike Terminator HighMen's Shoes,Men's Shoes,₹ 12 157.00,MRP : ₹ 12 795.00
https://www.nike.com/in/t/air-force-1-lv8-5-older-shoes-6LzNxQ/HF5349-001,Nike Air Force 1 LV8 5Older Kids' Shoes,Older Kids' Shoes,₹ 7 597.00,MRP : ₹ 7 995.00
https://www.nike.com/in/t/air-max-1-shoes-KcSx0w/HF4312-100,Nike Air Max 1Men's Shoes,Men's Shoes,₹ 12 157.00,MRP : ₹ 12 795.00
https://www.nike.com/in/t/infinity-flow-younger-shoes-NQr3qF/FD6061-003,Nike Infinity FlowYounger Kids' Shoes,Younger Kids' Shoes,₹ 6 167.00,MRP : ₹ 6 495.00
https://www.nike.com/in/t/jordan-1-low-alt-younger-shoes-W8Wbv0/DR9748-131,Jordan 1 Low AltYounger Kids' Shoes,Younger Kids' Shoes,₹ 4 837.00,MRP : ₹ 5 095.00
https://www.nike.com/in/t/lebron-xxi-aragonite-ep-basketball-shoes-0hgNkB/HF5466-300,LeBron XXI 'Aragonite' EPBasketball Shoes,Basketball Shoes,₹ 17 477.00,MRP : ₹ 18 395.00
https://www.nike.com/in/t/dunk-low-se-older-shoes-7DM17r/FJ2686-100,Nike Dunk Low SEOlder Kids' Shoes,Older Kids' Shoes,₹ 7 597.00,MRP : ₹ 7 995.00
https://www.nike.com/in/t/revolution-7-road-running-shoes-Dfvsch/FB2208-009,Nike Revolution 7Women's Road Running Shoes,Women's Road Running Shoes,₹ 3 507.00,MRP : ₹ 3 695.00
https://www.nike.com/in/t/kawa-younger-older-slide-GLCZVf/DD8519-001,Nike KawaYounger and Older Kids' Slide,Younger and Older Kids' Slide,₹ 1 517.00,MRP : ₹ 1 595.00
https://www.nike.com/in/t/revolution-7-younger-shoes-msfDML/FB7690-600,Nike Revolution 7Younger Kids' Shoes,Younger Kids' Shoes,₹ 3 317.00,MRP : ₹ 3 495.00
https://www.nike.com/in/t/flex-runner-3-younger-shoes-xBPnvT/FN1449-400,Nike Flex Runner 3Younger Kids' Shoes,Younger Kids' Shoes,₹ 3 127.00,MRP : ₹ 3 295.00
https://www.nike.com/in/t/jordan-max-aura-5-older-shoes-h0Tx6z/DZ4352-006,Jordan Max Aura 5Older Kids' Shoes,Older Kids' Shoes,₹ 7 117.00,MRP : ₹ 7 495.00
https://www.nike.com/in/t/air-vapormax-2023-flyknit-shoes-xjVzw5/DV1678-001,Nike Air VaporMax 2023 FlyknitMen's Shoes,Men's Shoes,₹ 18 327.00,MRP : ₹ 19 295.00
https://www.nike.com/in/t/air-flight-lite-mid-shoes-sFr84z/FJ2949-001,Nike Air Flight Lite MidMen's Shoes,Men's Shoes,₹ 12 157.00,MRP : ₹ 12 795.00
https://www.nike.com/in/t/tc-7900-shoes-M6plHb/DD9682-001,Nike TC 7900Women's shoes,Women's shoes,₹ 10 447.00,MRP : ₹ 10 995.00
https://www.nike.com/in/t/flyknit-haven-shoes-Rl3vMk/FD2148-001,Nike Flyknit HavenWomen's Shoes,Women's Shoes,₹ 10 257.00,MRP : ₹ 10 795.00
https://www.nike.com/in/t/air-force-1-wild-shoes-FCjQ2C/FB2348-004,Nike Air Force 1 WildWomen's Shoes,Women's Shoes,₹ 12 157.00,MRP : ₹ 12 795.00
https://www.nike.com/in/t/mercurial-vapor-15-academy-low-top-football-shoes-L8JgP4/DJ5635-700,Nike Mercurial Vapor 15 AcademyTurf Low-Top Football Shoes,Turf Low-Top Football Shoes,₹ 7 597.00,MRP : ₹ 7 995.00
https://www.nike.com/in/t/tanjun-easyon-older-shoes-d4k4n8/DX9041-003,Nike Tanjun EasyOnOlder Kids' Shoes,Older Kids' Shoes,₹ 4 837.00,MRP : ₹ 5 095.00
https://www.nike.com/in/t/air-zoom-infinity-tour-2-golf-shoes-1WgF7X/FD0218-300,Nike Air Zoom Infinity Tour 2Golf Shoes (Wide),Golf Shoes (Wide),₹ 15 197.00,MRP : ₹ 15 995.00
https://www.nike.com/in/t/lebron-witness-8-ep-basketball-shoes-fRP6ss/FB2237-401,LeBron Witness 8 EPBasketball Shoes,Basketball Shoes,₹ 8 257.00,MRP : ₹ 8 695.00
https://www.nike.com/in/t/jordan-1-low-alt-younger-shoes-W8Wbv0/DR9748-060,Jordan 1 Low AltYounger Kids' Shoes,Younger Kids' Shoes,₹ 4 837.00,MRP : ₹ 5 095.00
https://www.nike.com/in/t/gt-cut-academy-ep-basketball-shoes-DTdMPk/FB2598-100,Nike G.T. Cut Academy EPBasketball Shoes,Basketball Shoes,₹ 8 067.00,MRP : ₹ 8 495.00
https://www.nike.com/in/t/motiva-walking-shoes-Fjzkq7/DV1237-002,Nike MotivaMen's Walking Shoes,Men's Walking Shoes,₹ 9 207.00,MRP : ₹ 9 695.00
https://www.nike.com/in/t/revolution-7-shoes-Bv4Wl1/FB7691-005,Nike Revolution 7Baby/Toddler Shoes,Baby/Toddler Shoes,₹ 2 937.00,MRP : ₹ 3 095.00
https://www.nike.com/in/t/flex-runner-3-shoes-RsBfk4/FN1478-400,Nike Flex Runner 3Baby/Toddler Shoes,Baby/Toddler Shoes,₹ 2 847.00,MRP : ₹ 2 995.00
https://www.nike.com/in/t/air-max-1-sc-shoes-3H2dh3/FB9660-200,Nike Air Max 1 SCMen's Shoes,Men's Shoes,₹ 13 297.00,MRP : ₹ 13 995.00
https://www.nike.com/in/t/gamma-force-shoes-CbTnH1/DX9176-109,Nike Gamma ForceWomen's Shoes,Women's Shoes,₹ 8 067.00,MRP : ₹ 8 495.00
https://www.nike.com/in/t/dunk-low-shoes-g54Fbv/FQ6965-700,Nike Dunk LowMen's Shoes,Men's Shoes,₹ 11 297.00,MRP : ₹ 11 895.00
https://www.nike.com/in/t/juniper-trail-2-gore-tex-waterproof-trail-running-shoes-9HQTmg/FB2067-403,Nike Juniper Trail 2 GORE-TEXMen's Waterproof Trail-Running Shoes,Men's Waterproof Trail-Running Shoes,₹ 9 777.00,MRP : ₹ 10 295.00
https://www.nike.com/in/t/force-1-low-lv8-easyon-shoes-7r2LQ0/FN0407-001,Nike Force 1 Low LV8 EasyOnBaby/Toddler Shoes,Baby/Toddler Shoes,₹ 5 407.00,MRP : ₹ 5 695.00
https://www.nike.com/in/t/gt-hustle-2-ep-basketball-shoes-Njc3Q0/DJ9404-103,Nike G.T. Hustle 2 EPBasketball Shoes,Basketball Shoes,₹ 15 197.00,MRP : ₹ 15 995.00
https://www.nike.com/in/t/acg-air-exploraid-shoes-snLbzJ/FJ1920-100,Nike ACG Air ExploraidMen's Shoes,Men's Shoes,₹ 12 157.00,MRP : ₹ 12 795.00
https://www.nike.com/in/t/team-hustle-d-11-older-basketball-shoes-TBQxXL/DV8996-003,Nike Team Hustle D 11Older Kids' Basketball Shoes,Older Kids' Basketball Shoes,₹ 4 747.00,MRP : ₹ 4 995.00
https://www.nike.com/in/t/air-max-1-easyon-younger-shoes-Hgp7Pt/DZ3308-109,Nike Air Max 1 EasyOnYounger Kids' Shoes,Younger Kids' Shoes,₹ 6 167.00,MRP : ₹ 6 495.00
https://www.nike.com/in/t/interact-run-road-running-shoes-qVxgms/FD2291-401,Nike Interact RunMen's Road Running Shoes,Men's Road Running Shoes,₹ 6 737.00,MRP : ₹ 7 095.00
https://www.nike.com/in/t/crosscourt-younger-older-shoes-lttqFm/FN2231-001,Nike CrosscourtYounger/Older Kids' Shoes,Younger/Older Kids' Shoes,₹ 6 167.00,MRP : ₹ 6 495.00
https://www.nike.com/in/t/star-runner-4-younger-shoes-h6SBLl/DX7614-001,Nike Star Runner 4Younger Kids' Shoes,Younger Kids' Shoes,₹ 3 887.00,MRP : ₹ 4 095.00
https://www.nike.com/in/t/air-max-pulse-shoes-V9B1C5/FD6409-600,Nike Air Max PulseWomen's Shoes,Women's Shoes,₹ 13 297.00,MRP : ₹ 13 995.00
https://www.nike.com/in/t/nikecourt-legacy-canvas-shoes-L6X9xF/CZ0294-001,NikeCourt Legacy CanvasWomen's Shoes,Women's Shoes,₹ 3 797.00,MRP : ₹ 3 995.00
https://www.nike.com/in/t/revolution-7-older-running-shoes-RTdvsl/FB7689-600,Nike Revolution 7Older Kids' Running Shoes,Older Kids' Running Shoes,₹ 3 317.00,MRP : ₹ 3 495.00
https://www.nike.com/in/t/air-vapormax-2023-flyknit-shoes-xjVzw5/DV1678-101,Nike Air VaporMax 2023 FlyknitMen's Shoes,Men's Shoes,₹ 18 327.00,MRP : ₹ 19 295.00
https://www.nike.com/in/t/jordan-stadium-90-shoes-djNxjt/FN0584-200,Jordan Stadium 90Women's Shoes,Women's Shoes,₹ 12 157.00,MRP : ₹ 12 795.00
https://www.nike.com/in/t/sb-check-canvas-older-skate-shoes-PMLTfN/905373-407,Nike SB Check CanvasOlder Kids' Skate Shoes,Older Kids' Skate Shoes,₹ 3 797.00,MRP : ₹ 3 995.00
https://www.nike.com/in/t/offcourt-football-slides-hHkXfl/FZ3182-300,Offcourt (Brazil)Nike Football Slides,Nike Football Slides,₹ 2 937.00,MRP : ₹ 3 095.00
https://www.nike.com/in/t/air-max-1-easyon-shoes-K6x2mJ/DZ3309-103,Air Max 1 EasyOnBaby/Toddler Shoes,Baby/Toddler Shoes,₹ 5 407.00,MRP : ₹ 5 695.00
https://www.nike.com/in/t/flex-plus-2-older-running-shoes-PbFFJC/DV8999-402,Nike Flex Plus 2Older Kids' Running Shoes,Older Kids' Running Shoes,₹ 4 747.00,MRP : ₹ 4 995.00
https://www.nike.com/in/t/air-max-90-lv8-shoes-9F0GjQ/HF4302-133,Nike Air Max 90 LV8Women's Shoes,Women's Shoes,₹ 12 157.00,MRP : ₹ 12 795.00
https://www.nike.com/in/t/jordan-sophia-slides-zJjKQC/FZ7012-200,Jordan SophiaWomen's Slides,Women's Slides,₹ 7 117.00,MRP : ₹ 7 495.00
https://www.nike.com/in/t/metcon-9-amp-workout-shoes-Dwx2GX/DZ2616-300,Nike Metcon 9 AMPMen's Workout Shoes,Men's Workout Shoes,₹ 12 157.00,MRP : ₹ 12 795.00
https://www.nike.com/in/t/structure-25-road-running-shoes-Vnp1d0/DJ7883-106,Nike Structure 25Men's Road Running Shoes,Men's Road Running Shoes,₹ 11 297.00,MRP : ₹ 11 895.00
